15:15:24.781 [GK] INFO  - Loading configuration for environment MultiTypesV2
15:15:24.781 [GK] INFO  - Generator type:MANUAL
15:15:29.992 [Elsa] INFO  - Entity Elsa deployed in 9
 Characteristics:  type : 
 AgentName: Elsa
 	 Instance of eu.su.mas.dedaleEtu.mas.agents.dummies.explo.ExploreCoopAgent
 	 Initial container: Ithaq_container2
 	 Initial location: null
 	 Entitytype: AgentExplo
 	 TreasureType : None; diamondCapa: -1; goldCapa: -1
 	 comReach: 3
 	 detection radius: 0
 	 Expertise: [<LockPicking, 1>, <Strength, 2>]
 	 UserParameters: [Tim]
15:15:30.001 [Tim] INFO  - Entity Tim deployed in 28
 Characteristics:  type : 
 AgentName: Tim
 	 Instance of eu.su.mas.dedaleEtu.mas.agents.dummies.explo.ExploreCoopAgent
 	 Initial container: Ithaq_container2
 	 Initial location: null
 	 Entitytype: AgentExplo
 	 TreasureType : None; diamondCapa: -1; goldCapa: -1
 	 comReach: 3
 	 detection radius: 0
 	 Expertise: [<LockPicking, 1>, <Strength, 2>]
 	 UserParameters: [Elsa]
15:18:14.133 [GK] INFO  - Loading configuration for environment MultiTypesV2
15:18:14.133 [GK] INFO  - Generator type:MANUAL
15:18:16.561 [Elsa] INFO  - Entity Elsa deployed in 29
 Characteristics:  type : 
 AgentName: Elsa
 	 Instance of eu.su.mas.dedaleEtu.mas.agents.dummies.explo.ExploreCoopAgent
 	 Initial container: Ithaq_container2
 	 Initial location: null
 	 Entitytype: AgentExplo
 	 TreasureType : None; diamondCapa: -1; goldCapa: -1
 	 comReach: 3
 	 detection radius: 0
 	 Expertise: [<LockPicking, 1>, <Strength, 2>]
 	 UserParameters: [Tim]
15:18:16.564 [Tim] INFO  - Entity Tim deployed in 21
 Characteristics:  type : 
 AgentName: Tim
 	 Instance of eu.su.mas.dedaleEtu.mas.agents.dummies.explo.ExploreCoopAgent
 	 Initial container: Ithaq_container2
 	 Initial location: null
 	 Entitytype: AgentExplo
 	 TreasureType : None; diamondCapa: -1; goldCapa: -1
 	 comReach: 3
 	 detection radius: 0
 	 Expertise: [<LockPicking, 1>, <Strength, 2>]
 	 UserParameters: [Elsa]
15:20:06.963 [GK] INFO  - Loading configuration for environment MultiTypesV2
15:20:06.964 [GK] INFO  - Generator type:MANUAL
15:20:09.113 [Elsa] INFO  - Entity Elsa deployed in 22
 Characteristics:  type : 
 AgentName: Elsa
 	 Instance of eu.su.mas.dedaleEtu.mas.agents.dummies.explo.ExploreCoopAgent
 	 Initial container: Ithaq_container2
 	 Initial location: null
 	 Entitytype: AgentExplo
 	 TreasureType : None; diamondCapa: -1; goldCapa: -1
 	 comReach: 3
 	 detection radius: 0
 	 Expertise: [<LockPicking, 1>, <Strength, 2>]
 	 UserParameters: [Tim]
15:20:09.122 [Tim] INFO  - Entity Tim deployed in 9
 Characteristics:  type : 
 AgentName: Tim
 	 Instance of eu.su.mas.dedaleEtu.mas.agents.dummies.explo.ExploreCoopAgent
 	 Initial container: Ithaq_container2
 	 Initial location: null
 	 Entitytype: AgentExplo
 	 TreasureType : None; diamondCapa: -1; goldCapa: -1
 	 comReach: 3
 	 detection radius: 0
 	 Expertise: [<LockPicking, 1>, <Strength, 2>]
 	 UserParameters: [Elsa]
15:23:03.845 [GK] INFO  - Loading configuration for environment MultiTypesV2
15:23:03.846 [GK] INFO  - Generator type:MANUAL
15:23:06.345 [Elsa] INFO  - Entity Elsa deployed in 38
 Characteristics:  type : 
 AgentName: Elsa
 	 Instance of eu.su.mas.dedaleEtu.mas.agents.dummies.explo.ExploreCoopAgent
 	 Initial container: Ithaq_container2
 	 Initial location: null
 	 Entitytype: AgentExplo
 	 TreasureType : None; diamondCapa: -1; goldCapa: -1
 	 comReach: 3
 	 detection radius: 0
 	 Expertise: [<LockPicking, 1>, <Strength, 2>]
 	 UserParameters: [Tim]
15:23:06.350 [Tim] INFO  - Entity Tim deployed in 10
 Characteristics:  type : 
 AgentName: Tim
 	 Instance of eu.su.mas.dedaleEtu.mas.agents.dummies.explo.ExploreCoopAgent
 	 Initial container: Ithaq_container2
 	 Initial location: null
 	 Entitytype: AgentExplo
 	 TreasureType : None; diamondCapa: -1; goldCapa: -1
 	 comReach: 3
 	 detection radius: 0
 	 Expertise: [<LockPicking, 1>, <Strength, 2>]
 	 UserParameters: [Elsa]
15:25:59.837 [GK] INFO  - Loading configuration for environment MultiTypesV2
15:25:59.841 [GK] INFO  - Generator type:MANUAL
15:26:01.670 [Elsa] INFO  - Entity Elsa deployed in 8
 Characteristics:  type : 
 AgentName: Elsa
 	 Instance of eu.su.mas.dedaleEtu.mas.agents.dummies.explo.ExploreCoopAgent
 	 Initial container: Ithaq_container2
 	 Initial location: null
 	 Entitytype: AgentExplo
 	 TreasureType : None; diamondCapa: -1; goldCapa: -1
 	 comReach: 3
 	 detection radius: 0
 	 Expertise: [<LockPicking, 1>, <Strength, 2>]
 	 UserParameters: [Tim]
15:26:01.680 [Tim] INFO  - Entity Tim deployed in 6
 Characteristics:  type : 
 AgentName: Tim
 	 Instance of eu.su.mas.dedaleEtu.mas.agents.dummies.explo.ExploreCoopAgent
 	 Initial container: Ithaq_container2
 	 Initial location: null
 	 Entitytype: AgentExplo
 	 TreasureType : None; diamondCapa: -1; goldCapa: -1
 	 comReach: 3
 	 detection radius: 0
 	 Expertise: [<LockPicking, 1>, <Strength, 2>]
 	 UserParameters: [Elsa]
15:28:51.051 [GK] INFO  - Loading configuration for environment MultiTypesV2
15:28:51.052 [GK] INFO  - Generator type:MANUAL
15:28:52.984 [Elsa] INFO  - Entity Elsa deployed in 26
 Characteristics:  type : 
 AgentName: Elsa
 	 Instance of eu.su.mas.dedaleEtu.mas.agents.dummies.explo.ExploreCoopAgent
 	 Initial container: Ithaq_container2
 	 Initial location: null
 	 Entitytype: AgentExplo
 	 TreasureType : None; diamondCapa: -1; goldCapa: -1
 	 comReach: 3
 	 detection radius: 0
 	 Expertise: [<LockPicking, 1>, <Strength, 2>]
 	 UserParameters: [Tim]
15:28:52.993 [Tim] INFO  - Entity Tim deployed in 7
 Characteristics:  type : 
 AgentName: Tim
 	 Instance of eu.su.mas.dedaleEtu.mas.agents.dummies.explo.ExploreCoopAgent
 	 Initial container: Ithaq_container2
 	 Initial location: null
 	 Entitytype: AgentExplo
 	 TreasureType : None; diamondCapa: -1; goldCapa: -1
 	 comReach: 3
 	 detection radius: 0
 	 Expertise: [<LockPicking, 1>, <Strength, 2>]
 	 UserParameters: [Elsa]
10:48:25.305 [GK] INFO  - Loading configuration for environment MultiTypesV2
10:48:25.307 [GK] INFO  - Generator type:MANUAL
10:48:28.251 [Elsa] INFO  - Entity Elsa deployed in 21
 Characteristics:  type : 
 AgentName: Elsa
 	 Instance of eu.su.mas.dedaleEtu.mas.agents.dummies.explo.ExploreCoopAgent
 	 Initial container: Ithaq_container2
 	 Initial location: null
 	 Entitytype: AgentExplo
 	 TreasureType : None; diamondCapa: -1; goldCapa: -1
 	 comReach: 3
 	 detection radius: 0
 	 Expertise: [<LockPicking, 1>, <Strength, 2>]
 	 UserParameters: [Tim]
10:48:28.258 [Tim] INFO  - Entity Tim deployed in 1
 Characteristics:  type : 
 AgentName: Tim
 	 Instance of eu.su.mas.dedaleEtu.mas.agents.dummies.explo.ExploreCoopAgent
 	 Initial container: Ithaq_container2
 	 Initial location: null
 	 Entitytype: AgentExplo
 	 TreasureType : None; diamondCapa: -1; goldCapa: -1
 	 comReach: 3
 	 detection radius: 0
 	 Expertise: [<LockPicking, 1>, <Strength, 2>]
 	 UserParameters: [Elsa]
10:55:24.848 [GK] INFO  - Loading configuration for environment MultiTypesV2
10:55:24.849 [GK] INFO  - Generator type:MANUAL
10:55:26.884 [Tim] INFO  - Entity Tim deployed in 21
 Characteristics:  type : 
 AgentName: Tim
 	 Instance of eu.su.mas.dedaleEtu.mas.agents.dummies.explo.ExploreCoopAgent
 	 Initial container: Ithaq_container2
 	 Initial location: null
 	 Entitytype: AgentExplo
 	 TreasureType : None; diamondCapa: -1; goldCapa: -1
 	 comReach: 3
 	 detection radius: 0
 	 Expertise: [<LockPicking, 1>, <Strength, 2>]
 	 UserParameters: [Elsa]
10:55:26.892 [Elsa] INFO  - Entity Elsa deployed in 3
 Characteristics:  type : 
 AgentName: Elsa
 	 Instance of eu.su.mas.dedaleEtu.mas.agents.dummies.explo.ExploreCoopAgent
 	 Initial container: Ithaq_container2
 	 Initial location: null
 	 Entitytype: AgentExplo
 	 TreasureType : None; diamondCapa: -1; goldCapa: -1
 	 comReach: 3
 	 detection radius: 0
 	 Expertise: [<LockPicking, 1>, <Strength, 2>]
 	 UserParameters: [Tim]
11:38:34.660 [GK] INFO  - Loading configuration for environment MultiTypesV2
11:38:34.663 [GK] INFO  - Generator type:MANUAL
11:39:37.167 [GK] INFO  - Loading configuration for environment MultiTypesV2
11:39:37.167 [GK] INFO  - Generator type:MANUAL
11:39:39.871 [Elsa] INFO  - Entity Elsa deployed in 37
 Characteristics:  type : 
 AgentName: Elsa
 	 Instance of eu.su.mas.dedaleEtu.mas.agents.dummies.explo.ExploreCoopAgent
 	 Initial container: Ithaq_container2
 	 Initial location: null
 	 Entitytype: AgentExplo
 	 TreasureType : None; diamondCapa: -1; goldCapa: -1
 	 comReach: 3
 	 detection radius: 0
 	 Expertise: [<LockPicking, 1>, <Strength, 2>]
 	 UserParameters: [Tim]
11:39:39.880 [Tim] INFO  - Entity Tim deployed in 38
 Characteristics:  type : 
 AgentName: Tim
 	 Instance of eu.su.mas.dedaleEtu.mas.agents.dummies.explo.ExploreCoopAgent
 	 Initial container: Ithaq_container2
 	 Initial location: null
 	 Entitytype: AgentExplo
 	 TreasureType : None; diamondCapa: -1; goldCapa: -1
 	 comReach: 3
 	 detection radius: 0
 	 Expertise: [<LockPicking, 1>, <Strength, 2>]
 	 UserParameters: [Elsa]
11:50:54.277 [GK] INFO  - Loading configuration for environment MultiTypesV2
11:50:54.278 [GK] INFO  - Generator type:MANUAL
11:50:56.749 [Tim] INFO  - Entity Tim deployed in 4
 Characteristics:  type : 
 AgentName: Tim
 	 Instance of eu.su.mas.dedaleEtu.mas.agents.dummies.explo.ExploreCoopAgent
 	 Initial container: Ithaq_container2
 	 Initial location: null
 	 Entitytype: AgentExplo
 	 TreasureType : None; diamondCapa: -1; goldCapa: -1
 	 comReach: 3
 	 detection radius: 0
 	 Expertise: [<LockPicking, 1>, <Strength, 2>]
 	 UserParameters: [Elsa]
11:50:56.767 [Elsa] INFO  - Entity Elsa deployed in 35
 Characteristics:  type : 
 AgentName: Elsa
 	 Instance of eu.su.mas.dedaleEtu.mas.agents.dummies.explo.ExploreCoopAgent
 	 Initial container: Ithaq_container2
 	 Initial location: null
 	 Entitytype: AgentExplo
 	 TreasureType : None; diamondCapa: -1; goldCapa: -1
 	 comReach: 3
 	 detection radius: 0
 	 Expertise: [<LockPicking, 1>, <Strength, 2>]
 	 UserParameters: [Tim]
11:55:17.995 [GK] INFO  - Loading configuration for environment MultiTypesV2
11:55:17.996 [GK] INFO  - Generator type:MANUAL
11:55:22.448 [Elsa] INFO  - Entity Elsa deployed in 17
 Characteristics:  type : 
 AgentName: Elsa
 	 Instance of eu.su.mas.dedaleEtu.mas.agents.dummies.explo.ExploreCoopAgent
 	 Initial container: Ithaq_container2
 	 Initial location: null
 	 Entitytype: AgentExplo
 	 TreasureType : None; diamondCapa: -1; goldCapa: -1
 	 comReach: 3
 	 detection radius: 0
 	 Expertise: [<LockPicking, 1>, <Strength, 2>]
 	 UserParameters: [Tim]
11:55:22.452 [Tim] INFO  - Entity Tim deployed in 35
 Characteristics:  type : 
 AgentName: Tim
 	 Instance of eu.su.mas.dedaleEtu.mas.agents.dummies.explo.ExploreCoopAgent
 	 Initial container: Ithaq_container2
 	 Initial location: null
 	 Entitytype: AgentExplo
 	 TreasureType : None; diamondCapa: -1; goldCapa: -1
 	 comReach: 3
 	 detection radius: 0
 	 Expertise: [<LockPicking, 1>, <Strength, 2>]
 	 UserParameters: [Elsa]
11:55:48.205 [GK] INFO  - Loading configuration for environment MultiTypesV2
11:55:48.205 [GK] INFO  - Generator type:MANUAL
11:55:50.085 [Tim] INFO  - Entity Tim deployed in 35
 Characteristics:  type : 
 AgentName: Tim
 	 Instance of eu.su.mas.dedaleEtu.mas.agents.dummies.explo.ExploreCoopAgent
 	 Initial container: Ithaq_container2
 	 Initial location: null
 	 Entitytype: AgentExplo
 	 TreasureType : None; diamondCapa: -1; goldCapa: -1
 	 comReach: 3
 	 detection radius: 0
 	 Expertise: [<LockPicking, 1>, <Strength, 2>]
 	 UserParameters: [Elsa]
11:55:50.093 [Elsa] INFO  - Entity Elsa deployed in 36
 Characteristics:  type : 
 AgentName: Elsa
 	 Instance of eu.su.mas.dedaleEtu.mas.agents.dummies.explo.ExploreCoopAgent
 	 Initial container: Ithaq_container2
 	 Initial location: null
 	 Entitytype: AgentExplo
 	 TreasureType : None; diamondCapa: -1; goldCapa: -1
 	 comReach: 3
 	 detection radius: 0
 	 Expertise: [<LockPicking, 1>, <Strength, 2>]
 	 UserParameters: [Tim]
11:57:05.465 [GK] INFO  - Loading configuration for environment MultiTypesV2
11:57:05.465 [GK] INFO  - Generator type:MANUAL
11:57:07.387 [Elsa] INFO  - Entity Elsa deployed in 2
 Characteristics:  type : 
 AgentName: Elsa
 	 Instance of eu.su.mas.dedaleEtu.mas.agents.dummies.explo.ExploreCoopAgent
 	 Initial container: Ithaq_container2
 	 Initial location: null
 	 Entitytype: AgentExplo
 	 TreasureType : None; diamondCapa: -1; goldCapa: -1
 	 comReach: 3
 	 detection radius: 0
 	 Expertise: [<LockPicking, 1>, <Strength, 2>]
 	 UserParameters: [Tim]
11:57:07.399 [Tim] INFO  - Entity Tim deployed in 35
 Characteristics:  type : 
 AgentName: Tim
 	 Instance of eu.su.mas.dedaleEtu.mas.agents.dummies.explo.ExploreCoopAgent
 	 Initial container: Ithaq_container2
 	 Initial location: null
 	 Entitytype: AgentExplo
 	 TreasureType : None; diamondCapa: -1; goldCapa: -1
 	 comReach: 3
 	 detection radius: 0
 	 Expertise: [<LockPicking, 1>, <Strength, 2>]
 	 UserParameters: [Elsa]
11:57:46.544 [GK] INFO  - Loading configuration for environment MultiTypesV2
11:57:46.545 [GK] INFO  - Generator type:MANUAL
11:57:48.421 [Tim] INFO  - Entity Tim deployed in 12
 Characteristics:  type : 
 AgentName: Tim
 	 Instance of eu.su.mas.dedaleEtu.mas.agents.dummies.explo.ExploreCoopAgent
 	 Initial container: Ithaq_container2
 	 Initial location: null
 	 Entitytype: AgentExplo
 	 TreasureType : None; diamondCapa: -1; goldCapa: -1
 	 comReach: 3
 	 detection radius: 0
 	 Expertise: [<LockPicking, 1>, <Strength, 2>]
 	 UserParameters: [Elsa]
11:57:48.432 [Elsa] INFO  - Entity Elsa deployed in 31
 Characteristics:  type : 
 AgentName: Elsa
 	 Instance of eu.su.mas.dedaleEtu.mas.agents.dummies.explo.ExploreCoopAgent
 	 Initial container: Ithaq_container2
 	 Initial location: null
 	 Entitytype: AgentExplo
 	 TreasureType : None; diamondCapa: -1; goldCapa: -1
 	 comReach: 3
 	 detection radius: 0
 	 Expertise: [<LockPicking, 1>, <Strength, 2>]
 	 UserParameters: [Tim]
12:18:40.133 [GK] INFO  - Loading configuration for environment MultiTypesV2
12:18:40.134 [GK] INFO  - Generator type:MANUAL
12:18:42.083 [Tim] INFO  - Entity Tim deployed in 6
 Characteristics:  type : 
 AgentName: Tim
 	 Instance of eu.su.mas.dedaleEtu.mas.agents.dummies.explo.ExploreCoopAgent
 	 Initial container: Ithaq_container2
 	 Initial location: null
 	 Entitytype: AgentExplo
 	 TreasureType : None; diamondCapa: -1; goldCapa: -1
 	 comReach: 3
 	 detection radius: 0
 	 Expertise: [<LockPicking, 1>, <Strength, 2>]
 	 UserParameters: [Elsa]
12:18:42.090 [Elsa] INFO  - Entity Elsa deployed in 41
 Characteristics:  type : 
 AgentName: Elsa
 	 Instance of eu.su.mas.dedaleEtu.mas.agents.dummies.explo.ExploreCoopAgent
 	 Initial container: Ithaq_container2
 	 Initial location: null
 	 Entitytype: AgentExplo
 	 TreasureType : None; diamondCapa: -1; goldCapa: -1
 	 comReach: 3
 	 detection radius: 0
 	 Expertise: [<LockPicking, 1>, <Strength, 2>]
 	 UserParameters: [Tim]
12:34:19.410 [GK] INFO  - Loading configuration for environment MultiTypesV2
12:34:19.410 [GK] INFO  - Generator type:MANUAL
12:34:21.310 [Elsa] INFO  - Entity Elsa deployed in 28
 Characteristics:  type : 
 AgentName: Elsa
 	 Instance of eu.su.mas.dedaleEtu.mas.agents.dummies.explo.ExploreCoopAgent
 	 Initial container: Ithaq_container2
 	 Initial location: null
 	 Entitytype: AgentExplo
 	 TreasureType : None; diamondCapa: -1; goldCapa: -1
 	 comReach: 3
 	 detection radius: 0
 	 Expertise: [<LockPicking, 1>, <Strength, 2>]
 	 UserParameters: [Tim]
12:34:21.320 [Tim] INFO  - Entity Tim deployed in 29
 Characteristics:  type : 
 AgentName: Tim
 	 Instance of eu.su.mas.dedaleEtu.mas.agents.dummies.explo.ExploreCoopAgent
 	 Initial container: Ithaq_container2
 	 Initial location: null
 	 Entitytype: AgentExplo
 	 TreasureType : None; diamondCapa: -1; goldCapa: -1
 	 comReach: 3
 	 detection radius: 0
 	 Expertise: [<LockPicking, 1>, <Strength, 2>]
 	 UserParameters: [Elsa]
12:35:12.266 [GK] INFO  - Loading configuration for environment MultiTypesV2
12:35:12.268 [GK] INFO  - Generator type:MANUAL
12:35:14.258 [Elsa] INFO  - Entity Elsa deployed in 8
 Characteristics:  type : 
 AgentName: Elsa
 	 Instance of eu.su.mas.dedaleEtu.mas.agents.dummies.explo.ExploreCoopAgent
 	 Initial container: Ithaq_container2
 	 Initial location: null
 	 Entitytype: AgentExplo
 	 TreasureType : None; diamondCapa: -1; goldCapa: -1
 	 comReach: 3
 	 detection radius: 0
 	 Expertise: [<Strength, 2>, <LockPicking, 1>]
 	 UserParameters: [Tim]
12:35:14.267 [Tim] INFO  - Entity Tim deployed in 28
 Characteristics:  type : 
 AgentName: Tim
 	 Instance of eu.su.mas.dedaleEtu.mas.agents.dummies.explo.ExploreCoopAgent
 	 Initial container: Ithaq_container2
 	 Initial location: null
 	 Entitytype: AgentExplo
 	 TreasureType : None; diamondCapa: -1; goldCapa: -1
 	 comReach: 3
 	 detection radius: 0
 	 Expertise: [<Strength, 2>, <LockPicking, 1>]
 	 UserParameters: [Elsa]
12:35:14.274 [Golem] INFO  - Entity Golem deployed in 5
 Characteristics:  type : 
 AgentName: Golem
 	 Instance of eu.su.mas.dedaleEtu.mas.agents.dummies.DummyMovingAgent
 	 Initial container: Ithaq_container2
 	 Initial location: null
 	 Entitytype: Wumpus
 	 TreasureType : Gold; diamondCapa: -1; goldCapa: 100
 	 comReach: 3
 	 detection radius: 1
 	 Expertise: [<Strength, 2>, <LockPicking, 1>]
 	 UserParameters: [paramTest]
11:37:35.574 [GK] INFO  - Loading configuration for environment MultiTypesV2
11:37:35.576 [GK] INFO  - Generator type:MANUAL
11:37:38.538 [Elsa] INFO  - Entity Elsa deployed in 4
 Characteristics:  type : 
 AgentName: Elsa
 	 Instance of eu.su.mas.dedaleEtu.mas.agents.dummies.explo.ExploreCoopAgent
 	 Initial container: Ithaq_container2
 	 Initial location: null
 	 Entitytype: AgentExplo
 	 TreasureType : None; diamondCapa: -1; goldCapa: -1
 	 comReach: 3
 	 detection radius: 0
 	 Expertise: [<LockPicking, 1>, <Strength, 2>]
 	 UserParameters: [Tim]
11:37:38.545 [Tim] INFO  - Entity Tim deployed in 17
 Characteristics:  type : 
 AgentName: Tim
 	 Instance of eu.su.mas.dedaleEtu.mas.agents.dummies.explo.ExploreCoopAgent
 	 Initial container: Ithaq_container2
 	 Initial location: null
 	 Entitytype: AgentExplo
 	 TreasureType : None; diamondCapa: -1; goldCapa: -1
 	 comReach: 3
 	 detection radius: 0
 	 Expertise: [<LockPicking, 1>, <Strength, 2>]
 	 UserParameters: [Elsa]
11:37:38.549 [Golem] INFO  - Entity Golem deployed in 22
 Characteristics:  type : 
 AgentName: Golem
 	 Instance of eu.su.mas.dedaleEtu.mas.agents.dummies.DummyMovingAgent
 	 Initial container: Ithaq_container2
 	 Initial location: null
 	 Entitytype: Wumpus
 	 TreasureType : Gold; diamondCapa: -1; goldCapa: 100
 	 comReach: 3
 	 detection radius: 1
 	 Expertise: [<LockPicking, 1>, <Strength, 2>]
 	 UserParameters: [paramTest]
11:38:36.654 [GK] INFO  - Loading configuration for environment MultiTypesV2
11:38:36.656 [GK] INFO  - Generator type:MANUAL
11:38:38.704 [Tim] INFO  - Entity Tim deployed in 9
 Characteristics:  type : 
 AgentName: Tim
 	 Instance of eu.su.mas.dedaleEtu.mas.agents.dummies.explo.ExploreCoopAgent
 	 Initial container: Ithaq_container2
 	 Initial location: null
 	 Entitytype: AgentExplo
 	 TreasureType : None; diamondCapa: -1; goldCapa: -1
 	 comReach: 3
 	 detection radius: 0
 	 Expertise: [<Strength, 2>, <LockPicking, 1>]
 	 UserParameters: [Elsa]
11:38:38.721 [Elsa] INFO  - Entity Elsa deployed in 7
 Characteristics:  type : 
 AgentName: Elsa
 	 Instance of eu.su.mas.dedaleEtu.mas.agents.dummies.explo.ExploreCoopAgent
 	 Initial container: Ithaq_container2
 	 Initial location: null
 	 Entitytype: AgentExplo
 	 TreasureType : None; diamondCapa: -1; goldCapa: -1
 	 comReach: 3
 	 detection radius: 0
 	 Expertise: [<Strength, 2>, <LockPicking, 1>]
 	 UserParameters: [Tim]
11:38:38.727 [Golem] INFO  - Entity Golem deployed in 33
 Characteristics:  type : 
 AgentName: Golem
 	 Instance of eu.su.mas.dedaleEtu.mas.agents.dummies.DummyMovingAgent
 	 Initial container: Ithaq_container2
 	 Initial location: null
 	 Entitytype: Wumpus
 	 TreasureType : Gold; diamondCapa: -1; goldCapa: 100
 	 comReach: 3
 	 detection radius: 1
 	 Expertise: [<Strength, 2>, <LockPicking, 1>]
 	 UserParameters: [paramTest]
11:38:57.143 [GK] INFO  - Loading configuration for environment MultiTypesV2
11:38:57.143 [GK] INFO  - Generator type:MANUAL
11:38:59.076 [Tim] INFO  - Entity Tim deployed in 16
 Characteristics:  type : 
 AgentName: Tim
 	 Instance of eu.su.mas.dedaleEtu.mas.agents.dummies.explo.ExploreCoopAgent
 	 Initial container: Ithaq_container2
 	 Initial location: null
 	 Entitytype: AgentExplo
 	 TreasureType : None; diamondCapa: -1; goldCapa: -1
 	 comReach: 3
 	 detection radius: 0
 	 Expertise: [<Strength, 2>, <LockPicking, 1>]
 	 UserParameters: [Elsa]
11:38:59.086 [Elsa] INFO  - Entity Elsa deployed in 10
 Characteristics:  type : 
 AgentName: Elsa
 	 Instance of eu.su.mas.dedaleEtu.mas.agents.dummies.explo.ExploreCoopAgent
 	 Initial container: Ithaq_container2
 	 Initial location: null
 	 Entitytype: AgentExplo
 	 TreasureType : None; diamondCapa: -1; goldCapa: -1
 	 comReach: 3
 	 detection radius: 0
 	 Expertise: [<Strength, 2>, <LockPicking, 1>]
 	 UserParameters: [Tim]
12:46:57.329 [GK] INFO  - Loading configuration for environment MultiTypesV2
12:46:57.331 [GK] INFO  - Generator type:MANUAL
12:46:59.313 [Bob] INFO  - Entity Bob deployed in 21
 Characteristics:  type : 
 AgentName: Bob
 	 Instance of eu.su.mas.dedaleEtu.mas.agents.dummies.explo.ExploreCoopAgent
 	 Initial container: Ithaq_container2
 	 Initial location: null
 	 Entitytype: AgentExplo
 	 TreasureType : None; diamondCapa: -1; goldCapa: -1
 	 comReach: 3
 	 detection radius: 0
 	 Expertise: [<Strength, 2>, <LockPicking, 1>]
 	 UserParameters: [Elsa, Tim, Charlie]
12:46:59.321 [Tim] INFO  - Entity Tim deployed in 27
 Characteristics:  type : 
 AgentName: Tim
 	 Instance of eu.su.mas.dedaleEtu.mas.agents.dummies.explo.ExploreCoopAgent
 	 Initial container: Ithaq_container2
 	 Initial location: null
 	 Entitytype: AgentExplo
 	 TreasureType : None; diamondCapa: -1; goldCapa: -1
 	 comReach: 3
 	 detection radius: 0
 	 Expertise: [<Strength, 2>, <LockPicking, 1>]
 	 UserParameters: [Elsa, Charlie, Bob]
12:46:59.329 [Charlie] INFO  - Entity Charlie deployed in 39
 Characteristics:  type : 
 AgentName: Charlie
 	 Instance of eu.su.mas.dedaleEtu.mas.agents.dummies.explo.ExploreCoopAgent
 	 Initial container: Ithaq_container2
 	 Initial location: null
 	 Entitytype: AgentExplo
 	 TreasureType : None; diamondCapa: -1; goldCapa: -1
 	 comReach: 3
 	 detection radius: 0
 	 Expertise: [<Strength, 2>, <LockPicking, 1>]
 	 UserParameters: [Elsa, Tim, Bob]
12:46:59.337 [Elsa] INFO  - Entity Elsa deployed in 26
 Characteristics:  type : 
 AgentName: Elsa
 	 Instance of eu.su.mas.dedaleEtu.mas.agents.dummies.explo.ExploreCoopAgent
 	 Initial container: Ithaq_container2
 	 Initial location: null
 	 Entitytype: AgentExplo
 	 TreasureType : None; diamondCapa: -1; goldCapa: -1
 	 comReach: 3
 	 detection radius: 0
 	 Expertise: [<Strength, 2>, <LockPicking, 1>]
 	 UserParameters: [Tim, Charlie, Bob]
09:10:26.952 [GK] INFO  - Loading configuration for environment MultiTypesV2
09:10:26.956 [GK] INFO  - Generator type:MANUAL
09:10:31.161 [Bob] INFO  - Entity Bob deployed in 31
 Characteristics:  type : 
 AgentName: Bob
 	 Instance of eu.su.mas.dedaleEtu.mas.agents.dummies.explo.ExploreCoopAgent
 	 Initial container: Ithaq_container2
 	 Initial location: null
 	 Entitytype: AgentExplo
 	 TreasureType : None; diamondCapa: -1; goldCapa: -1
 	 comReach: 3
 	 detection radius: 0
 	 Expertise: [<LockPicking, 1>, <Strength, 2>]
 	 UserParameters: [Elsa, Tim, Charlie]
09:10:31.164 [Charlie] INFO  - Entity Charlie deployed in 32
 Characteristics:  type : 
 AgentName: Charlie
 	 Instance of eu.su.mas.dedaleEtu.mas.agents.dummies.explo.ExploreCoopAgent
 	 Initial container: Ithaq_container2
 	 Initial location: null
 	 Entitytype: AgentExplo
 	 TreasureType : None; diamondCapa: -1; goldCapa: -1
 	 comReach: 3
 	 detection radius: 0
 	 Expertise: [<LockPicking, 1>, <Strength, 2>]
 	 UserParameters: [Elsa, Tim, Bob]
09:10:31.173 [Elsa] INFO  - Entity Elsa deployed in 27
 Characteristics:  type : 
 AgentName: Elsa
 	 Instance of eu.su.mas.dedaleEtu.mas.agents.dummies.explo.ExploreCoopAgent
 	 Initial container: Ithaq_container2
 	 Initial location: null
 	 Entitytype: AgentExplo
 	 TreasureType : None; diamondCapa: -1; goldCapa: -1
 	 comReach: 3
 	 detection radius: 0
 	 Expertise: [<LockPicking, 1>, <Strength, 2>]
 	 UserParameters: [Tim, Charlie, Bob]
09:10:31.177 [Tim] INFO  - Entity Tim deployed in 19
 Characteristics:  type : 
 AgentName: Tim
 	 Instance of eu.su.mas.dedaleEtu.mas.agents.dummies.explo.ExploreCoopAgent
 	 Initial container: Ithaq_container2
 	 Initial location: null
 	 Entitytype: AgentExplo
 	 TreasureType : None; diamondCapa: -1; goldCapa: -1
 	 comReach: 3
 	 detection radius: 0
 	 Expertise: [<LockPicking, 1>, <Strength, 2>]
 	 UserParameters: [Elsa, Charlie, Bob]
09:15:35.309 [GK] INFO  - Loading configuration for environment MultiTypesV2
09:15:35.312 [GK] INFO  - Generator type:MANUAL
09:15:37.365 [Tim] INFO  - Entity Tim deployed in 20
 Characteristics:  type : 
 AgentName: Tim
 	 Instance of eu.su.mas.dedaleEtu.mas.agents.dummies.explo.ExploreCoopAgent
 	 Initial container: Ithaq_container2
 	 Initial location: null
 	 Entitytype: AgentExplo
 	 TreasureType : None; diamondCapa: -1; goldCapa: -1
 	 comReach: 3
 	 detection radius: 0
 	 Expertise: [<LockPicking, 1>, <Strength, 2>]
 	 UserParameters: [Elsa, Charlie, Bob]
09:15:37.371 [Elsa] INFO  - Entity Elsa deployed in 24
 Characteristics:  type : 
 AgentName: Elsa
 	 Instance of eu.su.mas.dedaleEtu.mas.agents.dummies.explo.ExploreCoopAgent
 	 Initial container: Ithaq_container2
 	 Initial location: null
 	 Entitytype: AgentExplo
 	 TreasureType : None; diamondCapa: -1; goldCapa: -1
 	 comReach: 3
 	 detection radius: 0
 	 Expertise: [<LockPicking, 1>, <Strength, 2>]
 	 UserParameters: [Tim, Charlie, Bob]
09:15:37.377 [Charlie] INFO  - Entity Charlie deployed in 16
 Characteristics:  type : 
 AgentName: Charlie
 	 Instance of eu.su.mas.dedaleEtu.mas.agents.dummies.explo.ExploreCoopAgent
 	 Initial container: Ithaq_container2
 	 Initial location: null
 	 Entitytype: AgentExplo
 	 TreasureType : None; diamondCapa: -1; goldCapa: -1
 	 comReach: 3
 	 detection radius: 0
 	 Expertise: [<LockPicking, 1>, <Strength, 2>]
 	 UserParameters: [Elsa, Tim, Bob]
09:15:37.383 [Bob] INFO  - Entity Bob deployed in 25
 Characteristics:  type : 
 AgentName: Bob
 	 Instance of eu.su.mas.dedaleEtu.mas.agents.dummies.explo.ExploreCoopAgent
 	 Initial container: Ithaq_container2
 	 Initial location: null
 	 Entitytype: AgentExplo
 	 TreasureType : None; diamondCapa: -1; goldCapa: -1
 	 comReach: 3
 	 detection radius: 0
 	 Expertise: [<LockPicking, 1>, <Strength, 2>]
 	 UserParameters: [Elsa, Tim, Charlie]
09:36:23.206 [GK] INFO  - Loading configuration for environment MultiTypesV2
09:36:23.208 [GK] INFO  - Generator type:MANUAL
09:36:25.408 [Bob] INFO  - Entity Bob deployed in 30
 Characteristics:  type : 
 AgentName: Bob
 	 Instance of eu.su.mas.dedaleEtu.mas.agents.dummies.explo.ExploreCoopAgent
 	 Initial container: Ithaq_container2
 	 Initial location: null
 	 Entitytype: AgentExplo
 	 TreasureType : None; diamondCapa: -1; goldCapa: -1
 	 comReach: 3
 	 detection radius: 0
 	 Expertise: [<LockPicking, 1>, <Strength, 2>]
 	 UserParameters: [Elsa, Tim, Charlie]
09:36:25.415 [Elsa] INFO  - Entity Elsa deployed in 9
 Characteristics:  type : 
 AgentName: Elsa
 	 Instance of eu.su.mas.dedaleEtu.mas.agents.dummies.explo.ExploreCoopAgent
 	 Initial container: Ithaq_container2
 	 Initial location: null
 	 Entitytype: AgentExplo
 	 TreasureType : None; diamondCapa: -1; goldCapa: -1
 	 comReach: 3
 	 detection radius: 0
 	 Expertise: [<LockPicking, 1>, <Strength, 2>]
 	 UserParameters: [Tim, Charlie, Bob]
09:36:25.420 [Charlie] INFO  - Entity Charlie deployed in 11
 Characteristics:  type : 
 AgentName: Charlie
 	 Instance of eu.su.mas.dedaleEtu.mas.agents.dummies.explo.ExploreCoopAgent
 	 Initial container: Ithaq_container2
 	 Initial location: null
 	 Entitytype: AgentExplo
 	 TreasureType : None; diamondCapa: -1; goldCapa: -1
 	 comReach: 3
 	 detection radius: 0
 	 Expertise: [<LockPicking, 1>, <Strength, 2>]
 	 UserParameters: [Elsa, Tim, Bob]
09:36:25.425 [Tim] INFO  - Entity Tim deployed in 4
 Characteristics:  type : 
 AgentName: Tim
 	 Instance of eu.su.mas.dedaleEtu.mas.agents.dummies.explo.ExploreCoopAgent
 	 Initial container: Ithaq_container2
 	 Initial location: null
 	 Entitytype: AgentExplo
 	 TreasureType : None; diamondCapa: -1; goldCapa: -1
 	 comReach: 3
 	 detection radius: 0
 	 Expertise: [<LockPicking, 1>, <Strength, 2>]
 	 UserParameters: [Elsa, Charlie, Bob]
09:36:27.495 [Tim] ERROR - Tim - moveTo : target [null] is not reachable from current position [4]
09:36:32.811 [Elsa] ERROR - Elsa - moveTo : target [null] is not reachable from current position [10]
09:36:33.839 [Elsa] ERROR - Elsa - moveTo : target [null] is not reachable from current position [10]
09:36:37.840 [Charlie] ERROR - Charlie - moveTo : target [null] is not reachable from current position [32]
09:36:38.940 [Bob] ERROR - Bob - moveTo : target [null] is not reachable from current position [33]
09:36:44.086 [Charlie] ERROR - Charlie - moveTo : target [null] is not reachable from current position [17]
09:36:44.088 [Tim] ERROR - Tim - moveTo : target [null] is not reachable from current position [34]
09:36:45.105 [Tim] ERROR - Tim - moveTo : target [null] is not reachable from current position [34]
09:36:45.106 [Charlie] ERROR - Charlie - moveTo : target [null] is not reachable from current position [17]
09:36:46.119 [Charlie] ERROR - Charlie - moveTo : target [null] is not reachable from current position [17]
09:36:46.120 [Tim] ERROR - Tim - moveTo : target [null] is not reachable from current position [34]
09:36:46.160 [Charlie] ERROR - Charlie - moveTo : target [null] is not reachable from current position [17]
09:36:46.164 [Tim] ERROR - Tim - moveTo : target [null] is not reachable from current position [34]
09:36:47.173 [Tim] ERROR - Tim - moveTo : target [null] is not reachable from current position [34]
09:36:48.179 [Tim] ERROR - Tim - moveTo : target [null] is not reachable from current position [34]
09:36:48.227 [Charlie] ERROR - Charlie - moveTo : target [null] is not reachable from current position [16]
09:36:49.110 [Elsa] ERROR - Elsa - moveTo : target [null] is not reachable from current position [31]
09:36:49.154 [Charlie] ERROR - Charlie - moveTo : target [null] is not reachable from current position [16]
09:36:49.171 [Elsa] ERROR - Elsa - moveTo : target [null] is not reachable from current position [31]
09:36:49.230 [Tim] ERROR - Tim - moveTo : target [null] is not reachable from current position [17]
09:36:50.208 [Elsa] ERROR - Elsa - moveTo : target [null] is not reachable from current position [32]
09:36:51.172 [Bob] ERROR - Bob - moveTo : target [null] is not reachable from current position [5]
09:36:51.210 [Elsa] ERROR - Elsa - moveTo : target [null] is not reachable from current position [32]
09:36:53.222 [Elsa] ERROR - Elsa - moveTo : target [null] is not reachable from current position [32]
09:36:57.230 [Bob] ERROR - Bob - moveTo : target [null] is not reachable from current position [37]
09:36:58.235 [Bob] ERROR - Bob - moveTo : target [null] is not reachable from current position [37]
09:36:58.287 [Elsa] ERROR - Elsa - moveTo : target [null] is not reachable from current position [21]
09:36:58.288 [Tim] ERROR - Tim - moveTo : target [null] is not reachable from current position [39]
09:36:58.303 [Elsa] ERROR - Elsa - moveTo : target [null] is not reachable from current position [21]
09:36:58.304 [Tim] ERROR - Tim - moveTo : target [null] is not reachable from current position [39]
09:36:59.248 [Bob] ERROR - Bob - moveTo : target [null] is not reachable from current position [37]
09:36:59.307 [Tim] ERROR - Tim - moveTo : target [null] is not reachable from current position [39]
09:36:59.310 [Elsa] ERROR - Elsa - moveTo : target [null] is not reachable from current position [21]
09:37:00.256 [Bob] ERROR - Bob - moveTo : target [null] is not reachable from current position [37]
09:37:00.312 [Elsa] ERROR - Elsa - moveTo : target [null] is not reachable from current position [21]
09:37:00.314 [Tim] ERROR - Tim - moveTo : target [null] is not reachable from current position [39]
09:37:00.348 [Bob] ERROR - Bob - moveTo : target [null] is not reachable from current position [37]
09:37:00.352 [Elsa] ERROR - Elsa - moveTo : target [null] is not reachable from current position [21]
09:37:01.319 [Tim] ERROR - Tim - moveTo : target [null] is not reachable from current position [39]
09:37:01.359 [Elsa] ERROR - Elsa - moveTo : target [null] is not reachable from current position [21]
09:37:01.360 [Bob] ERROR - Bob - moveTo : target [null] is not reachable from current position [37]
09:37:01.364 [Tim] ERROR - Tim - moveTo : target [null] is not reachable from current position [39]
09:37:01.391 [Elsa] ERROR - Elsa - moveTo : target [null] is not reachable from current position [21]
09:37:01.392 [Bob] ERROR - Bob - moveTo : target [null] is not reachable from current position [37]
09:37:01.393 [Tim] ERROR - Tim - moveTo : target [null] is not reachable from current position [39]
09:37:02.400 [Bob] ERROR - Bob - moveTo : target [null] is not reachable from current position [37]
09:37:02.401 [Tim] ERROR - Tim - moveTo : target [null] is not reachable from current position [39]
09:37:02.401 [Elsa] ERROR - Elsa - moveTo : target [null] is not reachable from current position [21]
09:37:03.405 [Tim] ERROR - Tim - moveTo : target [null] is not reachable from current position [39]
09:37:03.405 [Elsa] ERROR - Elsa - moveTo : target [null] is not reachable from current position [21]
09:37:03.408 [Bob] ERROR - Bob - moveTo : target [null] is not reachable from current position [37]
09:37:04.409 [Elsa] ERROR - Elsa - moveTo : target [null] is not reachable from current position [21]
09:37:04.410 [Tim] ERROR - Tim - moveTo : target [null] is not reachable from current position [39]
09:37:04.411 [Bob] ERROR - Bob - moveTo : target [null] is not reachable from current position [37]
09:37:05.416 [Elsa] ERROR - Elsa - moveTo : target [null] is not reachable from current position [21]
09:37:05.418 [Tim] ERROR - Tim - moveTo : target [null] is not reachable from current position [39]
09:37:05.419 [Bob] ERROR - Bob - moveTo : target [null] is not reachable from current position [37]
09:37:06.425 [Elsa] ERROR - Elsa - moveTo : target [null] is not reachable from current position [21]
09:37:06.427 [Bob] ERROR - Bob - moveTo : target [null] is not reachable from current position [37]
09:37:06.427 [Tim] ERROR - Tim - moveTo : target [null] is not reachable from current position [39]
09:37:06.456 [Tim] ERROR - Tim - moveTo : target [null] is not reachable from current position [39]
09:37:06.459 [Elsa] ERROR - Elsa - moveTo : target [null] is not reachable from current position [21]
09:37:07.438 [Bob] ERROR - Bob - moveTo : target [null] is not reachable from current position [37]
09:37:07.464 [Elsa] ERROR - Elsa - moveTo : target [null] is not reachable from current position [21]
09:37:07.470 [Tim] ERROR - Tim - moveTo : target [null] is not reachable from current position [39]
09:37:08.442 [Bob] ERROR - Bob - moveTo : target [null] is not reachable from current position [37]
09:37:08.470 [Elsa] ERROR - Elsa - moveTo : target [null] is not reachable from current position [21]
09:37:08.472 [Tim] ERROR - Tim - moveTo : target [null] is not reachable from current position [39]
09:37:09.452 [Bob] ERROR - Bob - moveTo : target [null] is not reachable from current position [37]
09:37:09.473 [Elsa] ERROR - Elsa - moveTo : target [null] is not reachable from current position [21]
09:37:09.475 [Tim] ERROR - Tim - moveTo : target [null] is not reachable from current position [39]
09:37:10.459 [Bob] ERROR - Bob - moveTo : target [null] is not reachable from current position [37]
09:37:10.481 [Elsa] ERROR - Elsa - moveTo : target [null] is not reachable from current position [21]
09:37:10.482 [Tim] ERROR - Tim - moveTo : target [null] is not reachable from current position [39]
09:37:11.469 [Bob] ERROR - Bob - moveTo : target [null] is not reachable from current position [37]
09:37:11.486 [Elsa] ERROR - Elsa - moveTo : target [null] is not reachable from current position [21]
09:37:11.487 [Tim] ERROR - Tim - moveTo : target [null] is not reachable from current position [39]
09:37:12.474 [Bob] ERROR - Bob - moveTo : target [null] is not reachable from current position [37]
09:37:12.491 [Tim] ERROR - Tim - moveTo : target [null] is not reachable from current position [39]
09:37:12.491 [Elsa] ERROR - Elsa - moveTo : target [null] is not reachable from current position [21]
09:37:13.481 [Bob] ERROR - Bob - moveTo : target [null] is not reachable from current position [37]
09:37:13.493 [Elsa] ERROR - Elsa - moveTo : target [null] is not reachable from current position [21]
09:37:13.497 [Tim] ERROR - Tim - moveTo : target [null] is not reachable from current position [39]
09:37:14.486 [Bob] ERROR - Bob - moveTo : target [null] is not reachable from current position [37]
09:37:14.501 [Tim] ERROR - Tim - moveTo : target [null] is not reachable from current position [39]
09:37:14.501 [Elsa] ERROR - Elsa - moveTo : target [null] is not reachable from current position [21]
09:37:15.491 [Bob] ERROR - Bob - moveTo : target [null] is not reachable from current position [37]
09:37:15.503 [Tim] ERROR - Tim - moveTo : target [null] is not reachable from current position [39]
09:37:15.503 [Elsa] ERROR - Elsa - moveTo : target [null] is not reachable from current position [21]
09:37:16.494 [Bob] ERROR - Bob - moveTo : target [null] is not reachable from current position [37]
09:37:16.505 [Tim] ERROR - Tim - moveTo : target [null] is not reachable from current position [39]
09:37:16.508 [Elsa] ERROR - Elsa - moveTo : target [null] is not reachable from current position [21]
09:37:17.499 [Bob] ERROR - Bob - moveTo : target [null] is not reachable from current position [37]
09:37:17.512 [Elsa] ERROR - Elsa - moveTo : target [null] is not reachable from current position [21]
09:37:17.513 [Tim] ERROR - Tim - moveTo : target [null] is not reachable from current position [39]
09:37:18.505 [Bob] ERROR - Bob - moveTo : target [null] is not reachable from current position [37]
09:37:18.517 [Elsa] ERROR - Elsa - moveTo : target [null] is not reachable from current position [21]
09:37:18.517 [Tim] ERROR - Tim - moveTo : target [null] is not reachable from current position [39]
09:37:19.517 [Bob] ERROR - Bob - moveTo : target [null] is not reachable from current position [37]
09:37:19.521 [Elsa] ERROR - Elsa - moveTo : target [null] is not reachable from current position [21]
09:37:19.523 [Tim] ERROR - Tim - moveTo : target [null] is not reachable from current position [39]
09:37:20.522 [Bob] ERROR - Bob - moveTo : target [null] is not reachable from current position [37]
09:37:20.526 [Tim] ERROR - Tim - moveTo : target [null] is not reachable from current position [39]
09:37:20.527 [Elsa] ERROR - Elsa - moveTo : target [null] is not reachable from current position [21]
09:37:21.536 [Elsa] ERROR - Elsa - moveTo : target [null] is not reachable from current position [21]
09:37:21.539 [Tim] ERROR - Tim - moveTo : target [null] is not reachable from current position [39]
09:37:21.544 [Bob] ERROR - Bob - moveTo : target [null] is not reachable from current position [37]
09:37:22.545 [Tim] ERROR - Tim - moveTo : target [null] is not reachable from current position [39]
09:37:22.548 [Bob] ERROR - Bob - moveTo : target [null] is not reachable from current position [37]
09:37:22.548 [Elsa] ERROR - Elsa - moveTo : target [null] is not reachable from current position [21]
09:37:23.556 [Elsa] ERROR - Elsa - moveTo : target [null] is not reachable from current position [21]
09:37:23.557 [Tim] ERROR - Tim - moveTo : target [null] is not reachable from current position [39]
09:37:23.557 [Bob] ERROR - Bob - moveTo : target [null] is not reachable from current position [37]
09:37:24.565 [Bob] ERROR - Bob - moveTo : target [null] is not reachable from current position [37]
09:37:24.566 [Elsa] ERROR - Elsa - moveTo : target [null] is not reachable from current position [21]
09:37:24.567 [Tim] ERROR - Tim - moveTo : target [null] is not reachable from current position [39]
09:37:25.570 [Elsa] ERROR - Elsa - moveTo : target [null] is not reachable from current position [21]
09:37:25.579 [Bob] ERROR - Bob - moveTo : target [null] is not reachable from current position [37]
09:37:25.580 [Tim] ERROR - Tim - moveTo : target [null] is not reachable from current position [39]
09:37:26.577 [Elsa] ERROR - Elsa - moveTo : target [null] is not reachable from current position [21]
09:37:26.581 [Tim] ERROR - Tim - moveTo : target [null] is not reachable from current position [39]
09:37:26.582 [Bob] ERROR - Bob - moveTo : target [null] is not reachable from current position [37]
09:37:27.584 [Elsa] ERROR - Elsa - moveTo : target [null] is not reachable from current position [21]
09:37:27.591 [Tim] ERROR - Tim - moveTo : target [null] is not reachable from current position [39]
09:37:27.592 [Bob] ERROR - Bob - moveTo : target [null] is not reachable from current position [37]
09:37:28.594 [Elsa] ERROR - Elsa - moveTo : target [null] is not reachable from current position [21]
09:37:28.594 [Tim] ERROR - Tim - moveTo : target [null] is not reachable from current position [39]
09:37:28.596 [Bob] ERROR - Bob - moveTo : target [null] is not reachable from current position [37]
09:37:29.601 [Elsa] ERROR - Elsa - moveTo : target [null] is not reachable from current position [21]
09:37:29.604 [Bob] ERROR - Bob - moveTo : target [null] is not reachable from current position [37]
09:37:29.605 [Tim] ERROR - Tim - moveTo : target [null] is not reachable from current position [39]
09:37:30.612 [Elsa] ERROR - Elsa - moveTo : target [null] is not reachable from current position [21]
09:37:30.613 [Tim] ERROR - Tim - moveTo : target [null] is not reachable from current position [39]
09:37:30.614 [Bob] ERROR - Bob - moveTo : target [null] is not reachable from current position [37]
09:37:31.617 [Elsa] ERROR - Elsa - moveTo : target [null] is not reachable from current position [21]
09:37:31.618 [Tim] ERROR - Tim - moveTo : target [null] is not reachable from current position [39]
09:37:31.619 [Bob] ERROR - Bob - moveTo : target [null] is not reachable from current position [37]
09:37:32.623 [Bob] ERROR - Bob - moveTo : target [null] is not reachable from current position [37]
09:37:32.624 [Elsa] ERROR - Elsa - moveTo : target [null] is not reachable from current position [21]
09:37:32.624 [Tim] ERROR - Tim - moveTo : target [null] is not reachable from current position [39]
09:37:33.628 [Elsa] ERROR - Elsa - moveTo : target [null] is not reachable from current position [21]
09:37:33.629 [Tim] ERROR - Tim - moveTo : target [null] is not reachable from current position [39]
09:37:33.629 [Bob] ERROR - Bob - moveTo : target [null] is not reachable from current position [37]
09:37:34.642 [Bob] ERROR - Bob - moveTo : target [null] is not reachable from current position [37]
09:37:34.644 [Elsa] ERROR - Elsa - moveTo : target [null] is not reachable from current position [21]
09:37:34.645 [Tim] ERROR - Tim - moveTo : target [null] is not reachable from current position [39]
09:37:35.651 [Bob] ERROR - Bob - moveTo : target [null] is not reachable from current position [37]
09:37:35.652 [Elsa] ERROR - Elsa - moveTo : target [null] is not reachable from current position [21]
09:37:35.655 [Tim] ERROR - Tim - moveTo : target [null] is not reachable from current position [39]
09:37:36.659 [Bob] ERROR - Bob - moveTo : target [null] is not reachable from current position [37]
09:37:36.659 [Elsa] ERROR - Elsa - moveTo : target [null] is not reachable from current position [21]
09:37:36.663 [Tim] ERROR - Tim - moveTo : target [null] is not reachable from current position [39]
09:37:37.673 [Bob] ERROR - Bob - moveTo : target [null] is not reachable from current position [37]
09:37:37.677 [Elsa] ERROR - Elsa - moveTo : target [null] is not reachable from current position [21]
09:37:37.680 [Tim] ERROR - Tim - moveTo : target [null] is not reachable from current position [39]
09:37:38.684 [Bob] ERROR - Bob - moveTo : target [null] is not reachable from current position [37]
09:37:38.688 [Tim] ERROR - Tim - moveTo : target [null] is not reachable from current position [39]
09:37:38.689 [Elsa] ERROR - Elsa - moveTo : target [null] is not reachable from current position [21]
09:37:39.695 [Elsa] ERROR - Elsa - moveTo : target [null] is not reachable from current position [21]
09:37:39.696 [Bob] ERROR - Bob - moveTo : target [null] is not reachable from current position [37]
09:37:39.698 [Tim] ERROR - Tim - moveTo : target [null] is not reachable from current position [39]
09:37:40.702 [Bob] ERROR - Bob - moveTo : target [null] is not reachable from current position [37]
09:37:40.702 [Tim] ERROR - Tim - moveTo : target [null] is not reachable from current position [39]
09:37:40.703 [Elsa] ERROR - Elsa - moveTo : target [null] is not reachable from current position [21]
09:37:41.706 [Elsa] ERROR - Elsa - moveTo : target [null] is not reachable from current position [21]
09:37:41.713 [Tim] ERROR - Tim - moveTo : target [null] is not reachable from current position [39]
09:37:41.714 [Bob] ERROR - Bob - moveTo : target [null] is not reachable from current position [37]
09:37:42.713 [Elsa] ERROR - Elsa - moveTo : target [null] is not reachable from current position [21]
09:37:42.715 [Tim] ERROR - Tim - moveTo : target [null] is not reachable from current position [39]
09:37:42.716 [Bob] ERROR - Bob - moveTo : target [null] is not reachable from current position [37]
09:37:43.719 [Elsa] ERROR - Elsa - moveTo : target [null] is not reachable from current position [21]
09:37:43.722 [Tim] ERROR - Tim - moveTo : target [null] is not reachable from current position [39]
09:37:43.725 [Bob] ERROR - Bob - moveTo : target [null] is not reachable from current position [37]
09:37:44.727 [Tim] ERROR - Tim - moveTo : target [null] is not reachable from current position [39]
09:37:44.732 [Elsa] ERROR - Elsa - moveTo : target [null] is not reachable from current position [21]
09:37:44.733 [Bob] ERROR - Bob - moveTo : target [null] is not reachable from current position [37]
09:37:45.737 [Tim] ERROR - Tim - moveTo : target [null] is not reachable from current position [39]
09:37:45.737 [Elsa] ERROR - Elsa - moveTo : target [null] is not reachable from current position [21]
09:37:45.738 [Bob] ERROR - Bob - moveTo : target [null] is not reachable from current position [37]
09:37:46.741 [Bob] ERROR - Bob - moveTo : target [null] is not reachable from current position [37]
09:37:46.741 [Elsa] ERROR - Elsa - moveTo : target [null] is not reachable from current position [21]
09:37:46.741 [Tim] ERROR - Tim - moveTo : target [null] is not reachable from current position [39]
09:37:47.745 [Elsa] ERROR - Elsa - moveTo : target [null] is not reachable from current position [21]
09:37:47.746 [Bob] ERROR - Bob - moveTo : target [null] is not reachable from current position [37]
09:37:47.747 [Tim] ERROR - Tim - moveTo : target [null] is not reachable from current position [39]
09:37:48.748 [Bob] ERROR - Bob - moveTo : target [null] is not reachable from current position [37]
09:37:48.750 [Tim] ERROR - Tim - moveTo : target [null] is not reachable from current position [39]
09:37:48.753 [Elsa] ERROR - Elsa - moveTo : target [null] is not reachable from current position [21]
09:37:49.754 [Bob] ERROR - Bob - moveTo : target [null] is not reachable from current position [37]
09:37:49.756 [Elsa] ERROR - Elsa - moveTo : target [null] is not reachable from current position [21]
09:37:49.756 [Tim] ERROR - Tim - moveTo : target [null] is not reachable from current position [39]
09:37:50.757 [Bob] ERROR - Bob - moveTo : target [null] is not reachable from current position [37]
09:37:50.760 [Tim] ERROR - Tim - moveTo : target [null] is not reachable from current position [39]
09:37:50.761 [Elsa] ERROR - Elsa - moveTo : target [null] is not reachable from current position [21]
09:37:51.766 [Elsa] ERROR - Elsa - moveTo : target [null] is not reachable from current position [21]
09:37:51.768 [Bob] ERROR - Bob - moveTo : target [null] is not reachable from current position [37]
09:37:51.769 [Tim] ERROR - Tim - moveTo : target [null] is not reachable from current position [39]
09:37:52.788 [Elsa] ERROR - Elsa - moveTo : target [null] is not reachable from current position [21]
09:37:52.789 [Tim] ERROR - Tim - moveTo : target [null] is not reachable from current position [39]
09:37:52.790 [Bob] ERROR - Bob - moveTo : target [null] is not reachable from current position [37]
09:37:53.793 [Elsa] ERROR - Elsa - moveTo : target [null] is not reachable from current position [21]
09:37:53.797 [Bob] ERROR - Bob - moveTo : target [null] is not reachable from current position [37]
09:37:53.797 [Tim] ERROR - Tim - moveTo : target [null] is not reachable from current position [39]
09:37:54.797 [Elsa] ERROR - Elsa - moveTo : target [null] is not reachable from current position [21]
09:37:54.800 [Tim] ERROR - Tim - moveTo : target [null] is not reachable from current position [39]
09:37:54.801 [Bob] ERROR - Bob - moveTo : target [null] is not reachable from current position [37]
09:37:55.809 [Elsa] ERROR - Elsa - moveTo : target [null] is not reachable from current position [21]
09:37:55.823 [Bob] ERROR - Bob - moveTo : target [null] is not reachable from current position [37]
09:37:55.825 [Tim] ERROR - Tim - moveTo : target [null] is not reachable from current position [39]
09:37:56.826 [Elsa] ERROR - Elsa - moveTo : target [null] is not reachable from current position [21]
09:37:56.827 [Bob] ERROR - Bob - moveTo : target [null] is not reachable from current position [37]
09:37:56.834 [Tim] ERROR - Tim - moveTo : target [null] is not reachable from current position [39]
09:37:57.839 [Bob] ERROR - Bob - moveTo : target [null] is not reachable from current position [37]
09:37:57.839 [Elsa] ERROR - Elsa - moveTo : target [null] is not reachable from current position [21]
09:37:57.843 [Tim] ERROR - Tim - moveTo : target [null] is not reachable from current position [39]
09:37:58.845 [Bob] ERROR - Bob - moveTo : target [null] is not reachable from current position [37]
09:37:58.853 [Tim] ERROR - Tim - moveTo : target [null] is not reachable from current position [39]
09:37:58.854 [Elsa] ERROR - Elsa - moveTo : target [null] is not reachable from current position [21]
09:58:27.169 [GK] INFO  - Loading configuration for environment MultiTypesV2
09:58:27.171 [GK] INFO  - Generator type:MANUAL
09:58:29.194 [Charlie] INFO  - Entity Charlie deployed in 38
 Characteristics:  type : 
 AgentName: Charlie
 	 Instance of eu.su.mas.dedaleEtu.mas.agents.dummies.explo.ExploreCoopAgent
 	 Initial container: Ithaq_container2
 	 Initial location: null
 	 Entitytype: AgentExplo
 	 TreasureType : None; diamondCapa: -1; goldCapa: -1
 	 comReach: 3
 	 detection radius: 0
 	 Expertise: [<LockPicking, 1>, <Strength, 2>]
 	 UserParameters: [Elsa, Tim, Bob]
09:58:29.202 [Tim] INFO  - Entity Tim deployed in 40
 Characteristics:  type : 
 AgentName: Tim
 	 Instance of eu.su.mas.dedaleEtu.mas.agents.dummies.explo.ExploreCoopAgent
 	 Initial container: Ithaq_container2
 	 Initial location: null
 	 Entitytype: AgentExplo
 	 TreasureType : None; diamondCapa: -1; goldCapa: -1
 	 comReach: 3
 	 detection radius: 0
 	 Expertise: [<LockPicking, 1>, <Strength, 2>]
 	 UserParameters: [Elsa, Charlie, Bob]
09:58:29.211 [Bob] INFO  - Entity Bob deployed in 10
 Characteristics:  type : 
 AgentName: Bob
 	 Instance of eu.su.mas.dedaleEtu.mas.agents.dummies.explo.ExploreCoopAgent
 	 Initial container: Ithaq_container2
 	 Initial location: null
 	 Entitytype: AgentExplo
 	 TreasureType : None; diamondCapa: -1; goldCapa: -1
 	 comReach: 3
 	 detection radius: 0
 	 Expertise: [<LockPicking, 1>, <Strength, 2>]
 	 UserParameters: [Elsa, Tim, Charlie]
09:58:29.215 [Elsa] INFO  - Entity Elsa deployed in 23
 Characteristics:  type : 
 AgentName: Elsa
 	 Instance of eu.su.mas.dedaleEtu.mas.agents.dummies.explo.ExploreCoopAgent
 	 Initial container: Ithaq_container2
 	 Initial location: null
 	 Entitytype: AgentExplo
 	 TreasureType : None; diamondCapa: -1; goldCapa: -1
 	 comReach: 3
 	 detection radius: 0
 	 Expertise: [<LockPicking, 1>, <Strength, 2>]
 	 UserParameters: [Tim, Charlie, Bob]
09:58:46.901 [Charlie] ERROR - Charlie - moveTo : target [24] is not reachable from current position [7]
09:58:53.077 [Elsa] ERROR - Elsa - moveTo : target [41] is not reachable from current position [9]
09:58:53.135 [Elsa] ERROR - Elsa - moveTo : target [41] is not reachable from current position [9]
09:58:54.145 [Elsa] ERROR - Elsa - moveTo : target [41] is not reachable from current position [9]
09:58:55.153 [Bob] ERROR - Bob - moveTo : target [41] is not reachable from current position [8]
09:58:55.154 [Elsa] ERROR - Elsa - moveTo : target [41] is not reachable from current position [9]
09:58:56.159 [Elsa] ERROR - Elsa - moveTo : target [41] is not reachable from current position [9]
09:58:56.164 [Bob] ERROR - Bob - moveTo : target [41] is not reachable from current position [8]
09:58:57.168 [Elsa] ERROR - Elsa - moveTo : target [41] is not reachable from current position [9]
09:58:57.169 [Bob] ERROR - Bob - moveTo : target [41] is not reachable from current position [8]
09:58:57.181 [Elsa] ERROR - Elsa - moveTo : target [41] is not reachable from current position [9]
09:58:58.186 [Bob] ERROR - Bob - moveTo : target [41] is not reachable from current position [8]
09:58:58.218 [Elsa] ERROR - Elsa - moveTo : target [41] is not reachable from current position [9]
10:50:31.077 [GK] INFO  - Loading configuration for environment MultiTypesV2
10:50:31.083 [GK] INFO  - Generator type:MANUAL
10:50:33.474 [Charlie] INFO  - Entity Charlie deployed in 39
 Characteristics:  type : 
 AgentName: Charlie
 	 Instance of eu.su.mas.dedaleEtu.mas.agents.dummies.explo.ExploreCoopAgent
 	 Initial container: Ithaq_container2
 	 Initial location: null
 	 Entitytype: AgentExplo
 	 TreasureType : None; diamondCapa: -1; goldCapa: -1
 	 comReach: 3
 	 detection radius: 0
 	 Expertise: [<LockPicking, 1>, <Strength, 2>]
 	 UserParameters: [Elsa, Tim, Bob]
10:50:33.483 [Elsa] INFO  - Entity Elsa deployed in 15
 Characteristics:  type : 
 AgentName: Elsa
 	 Instance of eu.su.mas.dedaleEtu.mas.agents.dummies.explo.ExploreCoopAgent
 	 Initial container: Ithaq_container2
 	 Initial location: null
 	 Entitytype: AgentExplo
 	 TreasureType : None; diamondCapa: -1; goldCapa: -1
 	 comReach: 3
 	 detection radius: 0
 	 Expertise: [<LockPicking, 1>, <Strength, 2>]
 	 UserParameters: [Tim, Charlie, Bob]
10:50:33.490 [Tim] INFO  - Entity Tim deployed in 22
 Characteristics:  type : 
 AgentName: Tim
 	 Instance of eu.su.mas.dedaleEtu.mas.agents.dummies.explo.ExploreCoopAgent
 	 Initial container: Ithaq_container2
 	 Initial location: null
 	 Entitytype: AgentExplo
 	 TreasureType : None; diamondCapa: -1; goldCapa: -1
 	 comReach: 3
 	 detection radius: 0
 	 Expertise: [<LockPicking, 1>, <Strength, 2>]
 	 UserParameters: [Elsa, Charlie, Bob]
10:50:33.498 [Bob] INFO  - Entity Bob deployed in 31
 Characteristics:  type : 
 AgentName: Bob
 	 Instance of eu.su.mas.dedaleEtu.mas.agents.dummies.explo.ExploreCoopAgent
 	 Initial container: Ithaq_container2
 	 Initial location: null
 	 Entitytype: AgentExplo
 	 TreasureType : None; diamondCapa: -1; goldCapa: -1
 	 comReach: 3
 	 detection radius: 0
 	 Expertise: [<LockPicking, 1>, <Strength, 2>]
 	 UserParameters: [Elsa, Tim, Charlie]
10:53:47.391 [GK] INFO  - Loading configuration for environment MultiTypesV2
10:53:47.394 [GK] INFO  - Generator type:MANUAL
10:53:49.357 [Elsa] INFO  - Entity Elsa deployed in 33
 Characteristics:  type : 
 AgentName: Elsa
 	 Instance of eu.su.mas.dedaleEtu.mas.agents.dummies.explo.ExploreCoopAgent
 	 Initial container: Ithaq_container2
 	 Initial location: null
 	 Entitytype: AgentExplo
 	 TreasureType : None; diamondCapa: -1; goldCapa: -1
 	 comReach: 3
 	 detection radius: 0
 	 Expertise: [<LockPicking, 1>, <Strength, 2>]
 	 UserParameters: [Tim, Charlie, Bob]
10:53:49.363 [Bob] INFO  - Entity Bob deployed in 17
 Characteristics:  type : 
 AgentName: Bob
 	 Instance of eu.su.mas.dedaleEtu.mas.agents.dummies.explo.ExploreCoopAgent
 	 Initial container: Ithaq_container2
 	 Initial location: null
 	 Entitytype: AgentExplo
 	 TreasureType : None; diamondCapa: -1; goldCapa: -1
 	 comReach: 3
 	 detection radius: 0
 	 Expertise: [<LockPicking, 1>, <Strength, 2>]
 	 UserParameters: [Elsa, Tim, Charlie]
10:53:49.367 [Tim] INFO  - Entity Tim deployed in 6
 Characteristics:  type : 
 AgentName: Tim
 	 Instance of eu.su.mas.dedaleEtu.mas.agents.dummies.explo.ExploreCoopAgent
 	 Initial container: Ithaq_container2
 	 Initial location: null
 	 Entitytype: AgentExplo
 	 TreasureType : None; diamondCapa: -1; goldCapa: -1
 	 comReach: 3
 	 detection radius: 0
 	 Expertise: [<LockPicking, 1>, <Strength, 2>]
 	 UserParameters: [Elsa, Charlie, Bob]
10:53:49.374 [Charlie] INFO  - Entity Charlie deployed in 37
 Characteristics:  type : 
 AgentName: Charlie
 	 Instance of eu.su.mas.dedaleEtu.mas.agents.dummies.explo.ExploreCoopAgent
 	 Initial container: Ithaq_container2
 	 Initial location: null
 	 Entitytype: AgentExplo
 	 TreasureType : None; diamondCapa: -1; goldCapa: -1
 	 comReach: 3
 	 detection radius: 0
 	 Expertise: [<LockPicking, 1>, <Strength, 2>]
 	 UserParameters: [Elsa, Tim, Bob]
11:14:14.235 [GK] INFO  - Loading configuration for environment MultiTypesV2
11:14:14.235 [GK] INFO  - Generator type:MANUAL
11:14:16.268 [Elsa] INFO  - Entity Elsa deployed in 7
 Characteristics:  type : 
 AgentName: Elsa
 	 Instance of eu.su.mas.dedaleEtu.mas.agents.dummies.explo.ExploreCoopAgent
 	 Initial container: Ithaq_container2
 	 Initial location: null
 	 Entitytype: AgentExplo
 	 TreasureType : None; diamondCapa: -1; goldCapa: -1
 	 comReach: 3
 	 detection radius: 0
 	 Expertise: [<LockPicking, 1>, <Strength, 2>]
 	 UserParameters: [Tim, Charlie, Bob]
11:14:16.275 [Tim] INFO  - Entity Tim deployed in 18
 Characteristics:  type : 
 AgentName: Tim
 	 Instance of eu.su.mas.dedaleEtu.mas.agents.dummies.explo.ExploreCoopAgent
 	 Initial container: Ithaq_container2
 	 Initial location: null
 	 Entitytype: AgentExplo
 	 TreasureType : None; diamondCapa: -1; goldCapa: -1
 	 comReach: 3
 	 detection radius: 0
 	 Expertise: [<LockPicking, 1>, <Strength, 2>]
 	 UserParameters: [Elsa, Charlie, Bob]
11:14:16.280 [Bob] INFO  - Entity Bob deployed in 37
 Characteristics:  type : 
 AgentName: Bob
 	 Instance of eu.su.mas.dedaleEtu.mas.agents.dummies.explo.ExploreCoopAgent
 	 Initial container: Ithaq_container2
 	 Initial location: null
 	 Entitytype: AgentExplo
 	 TreasureType : None; diamondCapa: -1; goldCapa: -1
 	 comReach: 3
 	 detection radius: 0
 	 Expertise: [<LockPicking, 1>, <Strength, 2>]
 	 UserParameters: [Elsa, Tim, Charlie]
11:14:16.285 [Charlie] INFO  - Entity Charlie deployed in 2
 Characteristics:  type : 
 AgentName: Charlie
 	 Instance of eu.su.mas.dedaleEtu.mas.agents.dummies.explo.ExploreCoopAgent
 	 Initial container: Ithaq_container2
 	 Initial location: null
 	 Entitytype: AgentExplo
 	 TreasureType : None; diamondCapa: -1; goldCapa: -1
 	 comReach: 3
 	 detection radius: 0
 	 Expertise: [<LockPicking, 1>, <Strength, 2>]
 	 UserParameters: [Elsa, Tim, Bob]
11:17:13.139 [GK] INFO  - Loading configuration for environment MultiTypesV2
11:17:13.139 [GK] INFO  - Generator type:MANUAL
11:17:15.036 [Tim] INFO  - Entity Tim deployed in 7
 Characteristics:  type : 
 AgentName: Tim
 	 Instance of eu.su.mas.dedaleEtu.mas.agents.dummies.explo.ExploreCoopAgent
 	 Initial container: Ithaq_container2
 	 Initial location: null
 	 Entitytype: AgentExplo
 	 TreasureType : None; diamondCapa: -1; goldCapa: -1
 	 comReach: 3
 	 detection radius: 0
 	 Expertise: [<LockPicking, 1>, <Strength, 2>]
 	 UserParameters: [Elsa, Bob]
11:17:15.040 [Elsa] INFO  - Entity Elsa deployed in 27
 Characteristics:  type : 
 AgentName: Elsa
 	 Instance of eu.su.mas.dedaleEtu.mas.agents.dummies.explo.ExploreCoopAgent
 	 Initial container: Ithaq_container2
 	 Initial location: null
 	 Entitytype: AgentExplo
 	 TreasureType : None; diamondCapa: -1; goldCapa: -1
 	 comReach: 3
 	 detection radius: 0
 	 Expertise: [<LockPicking, 1>, <Strength, 2>]
 	 UserParameters: [Tim, Bob]
11:17:15.042 [Bob] INFO  - Entity Bob deployed in 13
 Characteristics:  type : 
 AgentName: Bob
 	 Instance of eu.su.mas.dedaleEtu.mas.agents.dummies.explo.ExploreCoopAgent
 	 Initial container: Ithaq_container2
 	 Initial location: null
 	 Entitytype: AgentExplo
 	 TreasureType : None; diamondCapa: -1; goldCapa: -1
 	 comReach: 3
 	 detection radius: 0
 	 Expertise: [<LockPicking, 1>, <Strength, 2>]
 	 UserParameters: [Elsa, Tim]
11:32:56.403 [GK] INFO  - Loading configuration for environment MultiTypesV2
11:32:56.404 [GK] INFO  - Generator type:MANUAL
11:32:58.343 [Tim] INFO  - Entity Tim deployed in 28
 Characteristics:  type : 
 AgentName: Tim
 	 Instance of eu.su.mas.dedaleEtu.mas.agents.dummies.explo.ExploreCoopAgent
 	 Initial container: Ithaq_container2
 	 Initial location: null
 	 Entitytype: AgentExplo
 	 TreasureType : None; diamondCapa: -1; goldCapa: -1
 	 comReach: 3
 	 detection radius: 0
 	 Expertise: [<LockPicking, 1>, <Strength, 2>]
 	 UserParameters: [Elsa, Bob]
11:32:58.350 [Bob] INFO  - Entity Bob deployed in 10
 Characteristics:  type : 
 AgentName: Bob
 	 Instance of eu.su.mas.dedaleEtu.mas.agents.dummies.explo.ExploreCoopAgent
 	 Initial container: Ithaq_container2
 	 Initial location: null
 	 Entitytype: AgentExplo
 	 TreasureType : None; diamondCapa: -1; goldCapa: -1
 	 comReach: 3
 	 detection radius: 0
 	 Expertise: [<LockPicking, 1>, <Strength, 2>]
 	 UserParameters: [Elsa, Tim]
11:32:58.356 [Elsa] INFO  - Entity Elsa deployed in 25
 Characteristics:  type : 
 AgentName: Elsa
 	 Instance of eu.su.mas.dedaleEtu.mas.agents.dummies.explo.ExploreCoopAgent
 	 Initial container: Ithaq_container2
 	 Initial location: null
 	 Entitytype: AgentExplo
 	 TreasureType : None; diamondCapa: -1; goldCapa: -1
 	 comReach: 3
 	 detection radius: 0
 	 Expertise: [<LockPicking, 1>, <Strength, 2>]
 	 UserParameters: [Tim, Bob]
11:37:07.158 [GK] INFO  - Loading configuration for environment MultiTypesV2
11:37:07.160 [GK] INFO  - Generator type:MANUAL
11:37:09.072 [Tim] INFO  - Entity Tim deployed in 33
 Characteristics:  type : 
 AgentName: Tim
 	 Instance of eu.su.mas.dedaleEtu.mas.agents.dummies.explo.ExploreCoopAgent
 	 Initial container: Ithaq_container2
 	 Initial location: null
 	 Entitytype: AgentExplo
 	 TreasureType : None; diamondCapa: -1; goldCapa: -1
 	 comReach: 3
 	 detection radius: 0
 	 Expertise: [<LockPicking, 1>, <Strength, 2>]
 	 UserParameters: [Elsa, Bob]
11:37:09.086 [Elsa] INFO  - Entity Elsa deployed in 13
 Characteristics:  type : 
 AgentName: Elsa
 	 Instance of eu.su.mas.dedaleEtu.mas.agents.dummies.explo.ExploreCoopAgent
 	 Initial container: Ithaq_container2
 	 Initial location: null
 	 Entitytype: AgentExplo
 	 TreasureType : None; diamondCapa: -1; goldCapa: -1
 	 comReach: 3
 	 detection radius: 0
 	 Expertise: [<LockPicking, 1>, <Strength, 2>]
 	 UserParameters: [Tim, Bob]
11:37:09.094 [Bob] INFO  - Entity Bob deployed in 5
 Characteristics:  type : 
 AgentName: Bob
 	 Instance of eu.su.mas.dedaleEtu.mas.agents.dummies.explo.ExploreCoopAgent
 	 Initial container: Ithaq_container2
 	 Initial location: null
 	 Entitytype: AgentExplo
 	 TreasureType : None; diamondCapa: -1; goldCapa: -1
 	 comReach: 3
 	 detection radius: 0
 	 Expertise: [<LockPicking, 1>, <Strength, 2>]
 	 UserParameters: [Elsa, Tim]
11:38:21.495 [GK] INFO  - Loading configuration for environment MultiTypesV2
11:38:21.495 [GK] INFO  - Generator type:MANUAL
11:38:23.413 [Tim] INFO  - Entity Tim deployed in 32
 Characteristics:  type : 
 AgentName: Tim
 	 Instance of eu.su.mas.dedaleEtu.mas.agents.dummies.explo.ExploreCoopAgent
 	 Initial container: Ithaq_container2
 	 Initial location: null
 	 Entitytype: AgentExplo
 	 TreasureType : None; diamondCapa: -1; goldCapa: -1
 	 comReach: 3
 	 detection radius: 0
 	 Expertise: [<LockPicking, 1>, <Strength, 2>]
 	 UserParameters: [Elsa, Bob]
11:38:23.423 [Elsa] INFO  - Entity Elsa deployed in 11
 Characteristics:  type : 
 AgentName: Elsa
 	 Instance of eu.su.mas.dedaleEtu.mas.agents.dummies.explo.ExploreCoopAgent
 	 Initial container: Ithaq_container2
 	 Initial location: null
 	 Entitytype: AgentExplo
 	 TreasureType : None; diamondCapa: -1; goldCapa: -1
 	 comReach: 3
 	 detection radius: 0
 	 Expertise: [<LockPicking, 1>, <Strength, 2>]
 	 UserParameters: [Tim, Bob]
11:38:23.427 [Bob] INFO  - Entity Bob deployed in 17
 Characteristics:  type : 
 AgentName: Bob
 	 Instance of eu.su.mas.dedaleEtu.mas.agents.dummies.explo.ExploreCoopAgent
 	 Initial container: Ithaq_container2
 	 Initial location: null
 	 Entitytype: AgentExplo
 	 TreasureType : None; diamondCapa: -1; goldCapa: -1
 	 comReach: 3
 	 detection radius: 0
 	 Expertise: [<LockPicking, 1>, <Strength, 2>]
 	 UserParameters: [Elsa, Tim]
11:43:50.752 [GK] INFO  - Loading configuration for environment MultiTypesV2
11:43:50.753 [GK] INFO  - Generator type:MANUAL
11:43:52.881 [Bob] INFO  - Entity Bob deployed in 39
 Characteristics:  type : 
 AgentName: Bob
 	 Instance of eu.su.mas.dedaleEtu.mas.agents.dummies.explo.ExploreCoopAgent
 	 Initial container: Ithaq_container2
 	 Initial location: null
 	 Entitytype: AgentExplo
 	 TreasureType : None; diamondCapa: -1; goldCapa: -1
 	 comReach: 3
 	 detection radius: 0
 	 Expertise: [<LockPicking, 1>, <Strength, 2>]
 	 UserParameters: [Elsa, Tim]
11:43:52.891 [Elsa] INFO  - Entity Elsa deployed in 35
 Characteristics:  type : 
 AgentName: Elsa
 	 Instance of eu.su.mas.dedaleEtu.mas.agents.dummies.explo.ExploreCoopAgent
 	 Initial container: Ithaq_container2
 	 Initial location: null
 	 Entitytype: AgentExplo
 	 TreasureType : None; diamondCapa: -1; goldCapa: -1
 	 comReach: 3
 	 detection radius: 0
 	 Expertise: [<LockPicking, 1>, <Strength, 2>]
 	 UserParameters: [Tim, Bob]
11:43:52.895 [Tim] INFO  - Entity Tim deployed in 26
 Characteristics:  type : 
 AgentName: Tim
 	 Instance of eu.su.mas.dedaleEtu.mas.agents.dummies.explo.ExploreCoopAgent
 	 Initial container: Ithaq_container2
 	 Initial location: null
 	 Entitytype: AgentExplo
 	 TreasureType : None; diamondCapa: -1; goldCapa: -1
 	 comReach: 3
 	 detection radius: 0
 	 Expertise: [<LockPicking, 1>, <Strength, 2>]
 	 UserParameters: [Elsa, Bob]
11:44:08.798 [GK] INFO  - Loading configuration for environment MultiTypesV2
11:44:08.799 [GK] INFO  - Generator type:MANUAL
11:44:10.718 [Bob] INFO  - Entity Bob deployed in 16
 Characteristics:  type : 
 AgentName: Bob
 	 Instance of eu.su.mas.dedaleEtu.mas.agents.dummies.explo.ExploreCoopAgent
 	 Initial container: Ithaq_container2
 	 Initial location: null
 	 Entitytype: AgentExplo
 	 TreasureType : None; diamondCapa: -1; goldCapa: -1
 	 comReach: 3
 	 detection radius: 0
 	 Expertise: [<LockPicking, 1>, <Strength, 2>]
 	 UserParameters: [Elsa, Tim]
11:44:10.732 [Elsa] INFO  - Entity Elsa deployed in 13
 Characteristics:  type : 
 AgentName: Elsa
 	 Instance of eu.su.mas.dedaleEtu.mas.agents.dummies.explo.ExploreCoopAgent
 	 Initial container: Ithaq_container2
 	 Initial location: null
 	 Entitytype: AgentExplo
 	 TreasureType : None; diamondCapa: -1; goldCapa: -1
 	 comReach: 3
 	 detection radius: 0
 	 Expertise: [<LockPicking, 1>, <Strength, 2>]
 	 UserParameters: [Tim, Bob]
11:44:10.735 [Tim] INFO  - Entity Tim deployed in 20
 Characteristics:  type : 
 AgentName: Tim
 	 Instance of eu.su.mas.dedaleEtu.mas.agents.dummies.explo.ExploreCoopAgent
 	 Initial container: Ithaq_container2
 	 Initial location: null
 	 Entitytype: AgentExplo
 	 TreasureType : None; diamondCapa: -1; goldCapa: -1
 	 comReach: 3
 	 detection radius: 0
 	 Expertise: [<LockPicking, 1>, <Strength, 2>]
 	 UserParameters: [Elsa, Bob]
11:53:47.719 [GK] INFO  - Loading configuration for environment MultiTypesV2
11:53:47.720 [GK] INFO  - Generator type:MANUAL
11:53:49.609 [Tim] INFO  - Entity Tim deployed in 36
 Characteristics:  type : 
 AgentName: Tim
 	 Instance of eu.su.mas.dedaleEtu.mas.agents.dummies.explo.ExploreCoopAgent
 	 Initial container: Ithaq_container2
 	 Initial location: null
 	 Entitytype: AgentExplo
 	 TreasureType : None; diamondCapa: -1; goldCapa: -1
 	 comReach: 3
 	 detection radius: 0
 	 Expertise: [<LockPicking, 1>, <Strength, 2>]
 	 UserParameters: [Elsa, Bob]
11:53:49.615 [Elsa] INFO  - Entity Elsa deployed in 37
 Characteristics:  type : 
 AgentName: Elsa
 	 Instance of eu.su.mas.dedaleEtu.mas.agents.dummies.explo.ExploreCoopAgent
 	 Initial container: Ithaq_container2
 	 Initial location: null
 	 Entitytype: AgentExplo
 	 TreasureType : None; diamondCapa: -1; goldCapa: -1
 	 comReach: 3
 	 detection radius: 0
 	 Expertise: [<LockPicking, 1>, <Strength, 2>]
 	 UserParameters: [Tim, Bob]
11:53:49.622 [Bob] INFO  - Entity Bob deployed in 24
 Characteristics:  type : 
 AgentName: Bob
 	 Instance of eu.su.mas.dedaleEtu.mas.agents.dummies.explo.ExploreCoopAgent
 	 Initial container: Ithaq_container2
 	 Initial location: null
 	 Entitytype: AgentExplo
 	 TreasureType : None; diamondCapa: -1; goldCapa: -1
 	 comReach: 3
 	 detection radius: 0
 	 Expertise: [<LockPicking, 1>, <Strength, 2>]
 	 UserParameters: [Elsa, Tim]
14:10:50.631 [GK] INFO  - Loading configuration for environment MultiTypesV2
14:10:50.632 [GK] INFO  - Generator type:MANUAL
14:10:54.823 [Bob] INFO  - Entity Bob deployed in 6
 Characteristics:  type : 
 AgentName: Bob
 	 Instance of eu.su.mas.dedaleEtu.mas.agents.dummies.explo.ExploreCoopAgent
 	 Initial container: Ithaq_container2
 	 Initial location: null
 	 Entitytype: AgentExplo
 	 TreasureType : None; diamondCapa: -1; goldCapa: -1
 	 comReach: 3
 	 detection radius: 0
 	 Expertise: [<Strength, 2>, <LockPicking, 1>]
 	 UserParameters: [Elsa, Tim]
14:10:54.829 [Tim] INFO  - Entity Tim deployed in 22
 Characteristics:  type : 
 AgentName: Tim
 	 Instance of eu.su.mas.dedaleEtu.mas.agents.dummies.explo.ExploreCoopAgent
 	 Initial container: Ithaq_container2
 	 Initial location: null
 	 Entitytype: AgentExplo
 	 TreasureType : None; diamondCapa: -1; goldCapa: -1
 	 comReach: 3
 	 detection radius: 0
 	 Expertise: [<Strength, 2>, <LockPicking, 1>]
 	 UserParameters: [Elsa, Bob]
14:10:54.832 [Elsa] INFO  - Entity Elsa deployed in 41
 Characteristics:  type : 
 AgentName: Elsa
 	 Instance of eu.su.mas.dedaleEtu.mas.agents.dummies.explo.ExploreCoopAgent
 	 Initial container: Ithaq_container2
 	 Initial location: null
 	 Entitytype: AgentExplo
 	 TreasureType : None; diamondCapa: -1; goldCapa: -1
 	 comReach: 3
 	 detection radius: 0
 	 Expertise: [<Strength, 2>, <LockPicking, 1>]
 	 UserParameters: [Tim, Bob]
14:13:06.476 [GK] INFO  - Loading configuration for environment MultiTypesV2
14:13:06.477 [GK] INFO  - Generator type:MANUAL
14:13:08.332 [Elsa] INFO  - Entity Elsa deployed in 39
 Characteristics:  type : 
 AgentName: Elsa
 	 Instance of eu.su.mas.dedaleEtu.mas.agents.dummies.explo.ExploreCoopAgent
 	 Initial container: Ithaq_container2
 	 Initial location: null
 	 Entitytype: AgentExplo
 	 TreasureType : None; diamondCapa: -1; goldCapa: -1
 	 comReach: 3
 	 detection radius: 0
 	 Expertise: [<Strength, 2>, <LockPicking, 1>]
 	 UserParameters: [Tim, Bob]
14:13:08.351 [Bob] INFO  - Entity Bob deployed in 97
 Characteristics:  type : 
 AgentName: Bob
 	 Instance of eu.su.mas.dedaleEtu.mas.agents.dummies.explo.ExploreCoopAgent
 	 Initial container: Ithaq_container2
 	 Initial location: null
 	 Entitytype: AgentExplo
 	 TreasureType : None; diamondCapa: -1; goldCapa: -1
 	 comReach: 3
 	 detection radius: 0
 	 Expertise: [<Strength, 2>, <LockPicking, 1>]
 	 UserParameters: [Elsa, Tim]
14:13:08.356 [Tim] INFO  - Entity Tim deployed in 122
 Characteristics:  type : 
 AgentName: Tim
 	 Instance of eu.su.mas.dedaleEtu.mas.agents.dummies.explo.ExploreCoopAgent
 	 Initial container: Ithaq_container2
 	 Initial location: null
 	 Entitytype: AgentExplo
 	 TreasureType : None; diamondCapa: -1; goldCapa: -1
 	 comReach: 3
 	 detection radius: 0
 	 Expertise: [<Strength, 2>, <LockPicking, 1>]
 	 UserParameters: [Elsa, Bob]
14:14:24.308 [GK] INFO  - Loading configuration for environment MultiTypesV2
14:14:24.309 [GK] INFO  - Generator type:MANUAL
14:14:26.204 [Bob] INFO  - Entity Bob deployed in 93
 Characteristics:  type : 
 AgentName: Bob
 	 Instance of eu.su.mas.dedaleEtu.mas.agents.dummies.explo.ExploreCoopAgent
 	 Initial container: Ithaq_container2
 	 Initial location: null
 	 Entitytype: AgentExplo
 	 TreasureType : None; diamondCapa: -1; goldCapa: -1
 	 comReach: 3
 	 detection radius: 0
 	 Expertise: [<Strength, 2>, <LockPicking, 1>]
 	 UserParameters: [Elsa, Tim]
14:14:26.219 [Tim] INFO  - Entity Tim deployed in 38
 Characteristics:  type : 
 AgentName: Tim
 	 Instance of eu.su.mas.dedaleEtu.mas.agents.dummies.explo.ExploreCoopAgent
 	 Initial container: Ithaq_container2
 	 Initial location: null
 	 Entitytype: AgentExplo
 	 TreasureType : None; diamondCapa: -1; goldCapa: -1
 	 comReach: 3
 	 detection radius: 0
 	 Expertise: [<Strength, 2>, <LockPicking, 1>]
 	 UserParameters: [Elsa, Bob]
14:14:26.227 [Elsa] INFO  - Entity Elsa deployed in 122
 Characteristics:  type : 
 AgentName: Elsa
 	 Instance of eu.su.mas.dedaleEtu.mas.agents.dummies.explo.ExploreCoopAgent
 	 Initial container: Ithaq_container2
 	 Initial location: null
 	 Entitytype: AgentExplo
 	 TreasureType : None; diamondCapa: -1; goldCapa: -1
 	 comReach: 3
 	 detection radius: 0
 	 Expertise: [<Strength, 2>, <LockPicking, 1>]
 	 UserParameters: [Tim, Bob]
14:47:41.068 [GK] INFO  - Loading configuration for environment MultiTypesV2
14:47:41.070 [GK] INFO  - Generator type:MANUAL
14:47:43.396 [Tim] INFO  - Entity Tim deployed in 8
 Characteristics:  type : 
 AgentName: Tim
 	 Instance of eu.su.mas.dedaleEtu.mas.agents.dummies.explo.ExploreCoopAgent
 	 Initial container: Ithaq_container2
 	 Initial location: null
 	 Entitytype: AgentExplo
 	 TreasureType : None; diamondCapa: -1; goldCapa: -1
 	 comReach: 3
 	 detection radius: 0
 	 Expertise: [<Strength, 2>, <LockPicking, 1>]
 	 UserParameters: [Elsa, Bob]
14:47:43.407 [Elsa] INFO  - Entity Elsa deployed in M25
 Characteristics:  type : 
 AgentName: Elsa
 	 Instance of eu.su.mas.dedaleEtu.mas.agents.dummies.explo.ExploreCoopAgent
 	 Initial container: Ithaq_container2
 	 Initial location: null
 	 Entitytype: AgentExplo
 	 TreasureType : None; diamondCapa: -1; goldCapa: -1
 	 comReach: 3
 	 detection radius: 0
 	 Expertise: [<Strength, 2>, <LockPicking, 1>]
 	 UserParameters: [Tim, Bob]
14:47:43.408 [Bob] INFO  - Entity Bob deployed in 79
 Characteristics:  type : 
 AgentName: Bob
 	 Instance of eu.su.mas.dedaleEtu.mas.agents.dummies.explo.ExploreCoopAgent
 	 Initial container: Ithaq_container2
 	 Initial location: null
 	 Entitytype: AgentExplo
 	 TreasureType : None; diamondCapa: -1; goldCapa: -1
 	 comReach: 3
 	 detection radius: 0
 	 Expertise: [<Strength, 2>, <LockPicking, 1>]
 	 UserParameters: [Elsa, Tim]
14:51:05.058 [GK] INFO  - Loading configuration for environment MultiTypesV2
14:51:05.058 [GK] INFO  - Generator type:MANUAL
14:51:07.016 [Elsa] INFO  - Entity Elsa deployed in 105
 Characteristics:  type : 
 AgentName: Elsa
 	 Instance of eu.su.mas.dedaleEtu.mas.agents.dummies.explo.ExploreCoopAgent
 	 Initial container: Ithaq_container2
 	 Initial location: null
 	 Entitytype: AgentExplo
 	 TreasureType : None; diamondCapa: -1; goldCapa: -1
 	 comReach: 3
 	 detection radius: 0
 	 Expertise: [<Strength, 2>, <LockPicking, 1>]
 	 UserParameters: [Tim, Bob]
14:51:07.033 [Bob] INFO  - Entity Bob deployed in 112
 Characteristics:  type : 
 AgentName: Bob
 	 Instance of eu.su.mas.dedaleEtu.mas.agents.dummies.explo.ExploreCoopAgent
 	 Initial container: Ithaq_container2
 	 Initial location: null
 	 Entitytype: AgentExplo
 	 TreasureType : None; diamondCapa: -1; goldCapa: -1
 	 comReach: 3
 	 detection radius: 0
 	 Expertise: [<Strength, 2>, <LockPicking, 1>]
 	 UserParameters: [Elsa, Tim]
14:51:07.043 [Tim] INFO  - Entity Tim deployed in 36
 Characteristics:  type : 
 AgentName: Tim
 	 Instance of eu.su.mas.dedaleEtu.mas.agents.dummies.explo.ExploreCoopAgent
 	 Initial container: Ithaq_container2
 	 Initial location: null
 	 Entitytype: AgentExplo
 	 TreasureType : None; diamondCapa: -1; goldCapa: -1
 	 comReach: 3
 	 detection radius: 0
 	 Expertise: [<Strength, 2>, <LockPicking, 1>]
 	 UserParameters: [Elsa, Bob]
14:54:51.928 [GK] INFO  - Loading configuration for environment MultiTypesV2
14:54:51.929 [GK] INFO  - Generator type:MANUAL
14:54:53.846 [Tim] INFO  - Entity Tim deployed in 52
 Characteristics:  type : 
 AgentName: Tim
 	 Instance of eu.su.mas.dedaleEtu.mas.agents.dummies.explo.ExploreCoopAgent
 	 Initial container: Ithaq_container2
 	 Initial location: null
 	 Entitytype: AgentExplo
 	 TreasureType : None; diamondCapa: -1; goldCapa: -1
 	 comReach: 3
 	 detection radius: 0
 	 Expertise: [<Strength, 2>, <LockPicking, 1>]
 	 UserParameters: [Elsa, Bob]
14:54:53.858 [Bob] INFO  - Entity Bob deployed in 39
 Characteristics:  type : 
 AgentName: Bob
 	 Instance of eu.su.mas.dedaleEtu.mas.agents.dummies.explo.ExploreCoopAgent
 	 Initial container: Ithaq_container2
 	 Initial location: null
 	 Entitytype: AgentExplo
 	 TreasureType : None; diamondCapa: -1; goldCapa: -1
 	 comReach: 3
 	 detection radius: 0
 	 Expertise: [<Strength, 2>, <LockPicking, 1>]
 	 UserParameters: [Elsa, Tim]
14:54:53.869 [Elsa] INFO  - Entity Elsa deployed in 32
 Characteristics:  type : 
 AgentName: Elsa
 	 Instance of eu.su.mas.dedaleEtu.mas.agents.dummies.explo.ExploreCoopAgent
 	 Initial container: Ithaq_container2
 	 Initial location: null
 	 Entitytype: AgentExplo
 	 TreasureType : None; diamondCapa: -1; goldCapa: -1
 	 comReach: 3
 	 detection radius: 0
 	 Expertise: [<Strength, 2>, <LockPicking, 1>]
 	 UserParameters: [Tim, Bob]
14:57:35.875 [Tim] ERROR - Tim - moveTo : target [null] is not reachable from current position [93]
14:57:37.903 [Tim] ERROR - Tim - moveTo : target [null] is not reachable from current position [93]
14:57:39.919 [Tim] ERROR - Tim - moveTo : target [null] is not reachable from current position [93]
14:58:34.365 [Tim] ERROR - Tim - moveTo : target [null] is not reachable from current position [93]
14:58:36.394 [Tim] ERROR - Tim - moveTo : target [null] is not reachable from current position [93]
14:58:38.407 [Tim] ERROR - Tim - moveTo : target [null] is not reachable from current position [93]
14:58:40.418 [Tim] ERROR - Tim - moveTo : target [null] is not reachable from current position [93]
14:58:42.433 [Tim] ERROR - Tim - moveTo : target [null] is not reachable from current position [93]
14:58:46.469 [Tim] ERROR - Tim - moveTo : target [null] is not reachable from current position [93]
14:58:50.492 [Tim] ERROR - Tim - moveTo : target [null] is not reachable from current position [93]
14:58:52.505 [Tim] ERROR - Tim - moveTo : target [null] is not reachable from current position [93]
14:58:54.526 [Tim] ERROR - Tim - moveTo : target [null] is not reachable from current position [93]
14:58:56.537 [Tim] ERROR - Tim - moveTo : target [null] is not reachable from current position [93]
14:59:04.590 [Tim] ERROR - Tim - moveTo : target [null] is not reachable from current position [93]
14:59:06.599 [Tim] ERROR - Tim - moveTo : target [null] is not reachable from current position [93]
14:59:08.614 [Tim] ERROR - Tim - moveTo : target [null] is not reachable from current position [93]
14:59:09.620 [Tim] ERROR - Tim - moveTo : target [null] is not reachable from current position [93]
14:59:10.631 [Tim] ERROR - Tim - moveTo : target [null] is not reachable from current position [93]
14:59:11.638 [Tim] ERROR - Tim - moveTo : target [null] is not reachable from current position [93]
14:59:12.647 [Tim] ERROR - Tim - moveTo : target [null] is not reachable from current position [93]
14:59:14.666 [Tim] ERROR - Tim - moveTo : target [null] is not reachable from current position [93]
14:59:16.675 [Tim] ERROR - Tim - moveTo : target [null] is not reachable from current position [93]
14:59:18.686 [Tim] ERROR - Tim - moveTo : target [null] is not reachable from current position [93]
14:59:19.692 [Tim] ERROR - Tim - moveTo : target [null] is not reachable from current position [93]
14:59:20.699 [Tim] ERROR - Tim - moveTo : target [null] is not reachable from current position [93]
14:59:22.707 [Tim] ERROR - Tim - moveTo : target [null] is not reachable from current position [93]
14:59:25.206 [Tim] ERROR - Tim - moveTo : target [null] is not reachable from current position [93]
14:59:27.211 [Tim] ERROR - Tim - moveTo : target [null] is not reachable from current position [93]
14:59:29.220 [Tim] ERROR - Tim - moveTo : target [null] is not reachable from current position [93]
14:59:31.228 [Tim] ERROR - Tim - moveTo : target [null] is not reachable from current position [93]
14:59:33.233 [Tim] ERROR - Tim - moveTo : target [null] is not reachable from current position [93]
14:59:35.239 [Tim] ERROR - Tim - moveTo : target [null] is not reachable from current position [93]
14:59:37.244 [Tim] ERROR - Tim - moveTo : target [null] is not reachable from current position [93]
14:59:39.251 [Tim] ERROR - Tim - moveTo : target [null] is not reachable from current position [93]
14:59:41.263 [Tim] ERROR - Tim - moveTo : target [null] is not reachable from current position [93]
14:59:43.275 [Tim] ERROR - Tim - moveTo : target [null] is not reachable from current position [93]
14:59:45.295 [Tim] ERROR - Tim - moveTo : target [null] is not reachable from current position [93]
14:59:47.305 [Tim] ERROR - Tim - moveTo : target [null] is not reachable from current position [93]
14:59:49.321 [Tim] ERROR - Tim - moveTo : target [null] is not reachable from current position [93]
15:11:46.751 [Tim] ERROR - Tim - moveTo : target [null] is not reachable from current position [93]
15:11:48.761 [Tim] ERROR - Tim - moveTo : target [null] is not reachable from current position [93]
15:11:50.772 [Tim] ERROR - Tim - moveTo : target [null] is not reachable from current position [93]
15:11:52.777 [Tim] ERROR - Tim - moveTo : target [null] is not reachable from current position [93]
15:11:54.788 [Tim] ERROR - Tim - moveTo : target [null] is not reachable from current position [93]
15:11:56.798 [Tim] ERROR - Tim - moveTo : target [null] is not reachable from current position [93]
15:11:58.806 [Tim] ERROR - Tim - moveTo : target [null] is not reachable from current position [93]
15:12:00.832 [Tim] ERROR - Tim - moveTo : target [null] is not reachable from current position [93]
15:12:02.839 [Tim] ERROR - Tim - moveTo : target [null] is not reachable from current position [93]
15:17:01.753 [GK] INFO  - Loading configuration for environment MultiTypesV2
15:17:01.754 [GK] INFO  - Generator type:MANUAL
15:17:03.658 [Elsa] INFO  - Entity Elsa deployed in M7
 Characteristics:  type : 
 AgentName: Elsa
 	 Instance of eu.su.mas.dedaleEtu.mas.agents.dummies.explo.ExploreCoopAgent
 	 Initial container: Ithaq_container2
 	 Initial location: null
 	 Entitytype: AgentExplo
 	 TreasureType : None; diamondCapa: -1; goldCapa: -1
 	 comReach: 3
 	 detection radius: 0
 	 Expertise: [<Strength, 2>, <LockPicking, 1>]
 	 UserParameters: [Tim, Bob]
15:17:03.666 [Tim] INFO  - Entity Tim deployed in 25
 Characteristics:  type : 
 AgentName: Tim
 	 Instance of eu.su.mas.dedaleEtu.mas.agents.dummies.explo.ExploreCoopAgent
 	 Initial container: Ithaq_container2
 	 Initial location: null
 	 Entitytype: AgentExplo
 	 TreasureType : None; diamondCapa: -1; goldCapa: -1
 	 comReach: 3
 	 detection radius: 0
 	 Expertise: [<Strength, 2>, <LockPicking, 1>]
 	 UserParameters: [Elsa, Bob]
15:17:03.671 [Bob] INFO  - Entity Bob deployed in 45
 Characteristics:  type : 
 AgentName: Bob
 	 Instance of eu.su.mas.dedaleEtu.mas.agents.dummies.explo.ExploreCoopAgent
 	 Initial container: Ithaq_container2
 	 Initial location: null
 	 Entitytype: AgentExplo
 	 TreasureType : None; diamondCapa: -1; goldCapa: -1
 	 comReach: 3
 	 detection radius: 0
 	 Expertise: [<Strength, 2>, <LockPicking, 1>]
 	 UserParameters: [Elsa, Tim]
15:19:38.488 [GK] INFO  - Loading configuration for environment MultiTypesV2
15:19:38.490 [GK] INFO  - Generator type:MANUAL
15:19:40.442 [Elsa] INFO  - Entity Elsa deployed in 104
 Characteristics:  type : 
 AgentName: Elsa
 	 Instance of eu.su.mas.dedaleEtu.mas.agents.dummies.explo.ExploreCoopAgent
 	 Initial container: Ithaq_container2
 	 Initial location: null
 	 Entitytype: AgentExplo
 	 TreasureType : None; diamondCapa: -1; goldCapa: -1
 	 comReach: 3
 	 detection radius: 0
 	 Expertise: [<Strength, 2>, <LockPicking, 1>]
 	 UserParameters: [Tim, Bob]
15:19:40.462 [Bob] INFO  - Entity Bob deployed in M16
 Characteristics:  type : 
 AgentName: Bob
 	 Instance of eu.su.mas.dedaleEtu.mas.agents.dummies.explo.ExploreCoopAgent
 	 Initial container: Ithaq_container2
 	 Initial location: null
 	 Entitytype: AgentExplo
 	 TreasureType : None; diamondCapa: -1; goldCapa: -1
 	 comReach: 3
 	 detection radius: 0
 	 Expertise: [<Strength, 2>, <LockPicking, 1>]
 	 UserParameters: [Elsa, Tim]
15:19:40.471 [Tim] INFO  - Entity Tim deployed in 95
 Characteristics:  type : 
 AgentName: Tim
 	 Instance of eu.su.mas.dedaleEtu.mas.agents.dummies.explo.ExploreCoopAgent
 	 Initial container: Ithaq_container2
 	 Initial location: null
 	 Entitytype: AgentExplo
 	 TreasureType : None; diamondCapa: -1; goldCapa: -1
 	 comReach: 3
 	 detection radius: 0
 	 Expertise: [<Strength, 2>, <LockPicking, 1>]
 	 UserParameters: [Elsa, Bob]
12:41:50.353 [GK] INFO  - Loading configuration for environment MultiTypesV2
12:41:50.353 [GK] INFO  - Generator type:MANUAL
12:41:52.177 [Tim] INFO  - Entity Tim deployed in 16
 Characteristics:  type : 
 AgentName: Tim
 	 Instance of eu.su.mas.dedaleEtu.mas.agents.dummies.explo.ExploreCoopAgent
 	 Initial container: Ithaq_container2
 	 Initial location: null
 	 Entitytype: AgentExplo
 	 TreasureType : None; diamondCapa: -1; goldCapa: -1
 	 comReach: 3
 	 detection radius: 0
 	 Expertise: [<LockPicking, 1>, <Strength, 2>]
 	 UserParameters: [Elsa, Bob]
12:41:52.195 [Bob] INFO  - Entity Bob deployed in 93
 Characteristics:  type : 
 AgentName: Bob
 	 Instance of eu.su.mas.dedaleEtu.mas.agents.dummies.explo.ExploreCoopAgent
 	 Initial container: Ithaq_container2
 	 Initial location: null
 	 Entitytype: AgentExplo
 	 TreasureType : None; diamondCapa: -1; goldCapa: -1
 	 comReach: 3
 	 detection radius: 0
 	 Expertise: [<LockPicking, 1>, <Strength, 2>]
 	 UserParameters: [Elsa, Tim]
12:41:52.206 [Elsa] INFO  - Entity Elsa deployed in M19
 Characteristics:  type : 
 AgentName: Elsa
 	 Instance of eu.su.mas.dedaleEtu.mas.agents.dummies.explo.ExploreCoopAgent
 	 Initial container: Ithaq_container2
 	 Initial location: null
 	 Entitytype: AgentExplo
 	 TreasureType : None; diamondCapa: -1; goldCapa: -1
 	 comReach: 3
 	 detection radius: 0
 	 Expertise: [<LockPicking, 1>, <Strength, 2>]
 	 UserParameters: [Tim, Bob]
12:45:51.887 [GK] INFO  - Loading configuration for environment MultiTypesV2
12:45:51.887 [GK] INFO  - Generator type:MANUAL
12:45:53.495 [Elsa] INFO  - Entity Elsa deployed in 1870548124
 Characteristics:  type : 
 AgentName: Elsa
 	 Instance of eu.su.mas.dedaleEtu.mas.agents.dummies.explo.ExploreCoopAgent
 	 Initial container: Ithaq_container2
 	 Initial location: null
 	 Entitytype: AgentExplo
 	 TreasureType : None; diamondCapa: -1; goldCapa: -1
 	 comReach: 3
 	 detection radius: 0
 	 Expertise: [<LockPicking, 1>, <Strength, 2>]
 	 UserParameters: [Tim, Bob]
12:45:53.499 [Golem] INFO  - Entity Golem deployed in 4604171537
 Characteristics:  type : 
 AgentName: Golem
 	 Instance of eu.su.mas.dedaleEtu.mas.agents.dummies.DummyMovingAgent
 	 Initial container: Ithaq_container2
 	 Initial location: null
 	 Entitytype: Wumpus
 	 TreasureType : Gold; diamondCapa: -1; goldCapa: 100
 	 comReach: 3
 	 detection radius: 1
 	 Expertise: [<LockPicking, 1>, <Strength, 2>]
 	 UserParameters: [paramTest]
12:45:53.509 [Bob] INFO  - Entity Bob deployed in 1779774543
 Characteristics:  type : 
 AgentName: Bob
 	 Instance of eu.su.mas.dedaleEtu.mas.agents.dummies.explo.ExploreCoopAgent
 	 Initial container: Ithaq_container2
 	 Initial location: null
 	 Entitytype: AgentExplo
 	 TreasureType : None; diamondCapa: -1; goldCapa: -1
 	 comReach: 3
 	 detection radius: 0
 	 Expertise: [<LockPicking, 1>, <Strength, 2>]
 	 UserParameters: [Elsa, Tim]
12:45:53.518 [Tim] INFO  - Entity Tim deployed in 255683487
 Characteristics:  type : 
 AgentName: Tim
 	 Instance of eu.su.mas.dedaleEtu.mas.agents.dummies.explo.ExploreCoopAgent
 	 Initial container: Ithaq_container2
 	 Initial location: null
 	 Entitytype: AgentExplo
 	 TreasureType : None; diamondCapa: -1; goldCapa: -1
 	 comReach: 3
 	 detection radius: 0
 	 Expertise: [<LockPicking, 1>, <Strength, 2>]
 	 UserParameters: [Elsa, Bob]
12:46:35.765 [GK] INFO  - Loading configuration for environment MultiTypesV2
12:46:35.766 [GK] INFO  - Generator type:MANUAL
12:46:37.548 [Elsa] INFO  - Entity Elsa deployed in M19
 Characteristics:  type : 
 AgentName: Elsa
 	 Instance of eu.su.mas.dedaleEtu.mas.agents.dummies.explo.ExploreCoopAgent
 	 Initial container: Ithaq_container2
 	 Initial location: null
 	 Entitytype: AgentExplo
 	 TreasureType : None; diamondCapa: -1; goldCapa: -1
 	 comReach: 3
 	 detection radius: 0
 	 Expertise: [<LockPicking, 1>, <Strength, 2>]
 	 UserParameters: [Tim, Bob]
12:46:37.552 [Golem] INFO  - Entity Golem deployed in 90
 Characteristics:  type : 
 AgentName: Golem
 	 Instance of eu.su.mas.dedaleEtu.mas.agents.dummies.DummyMovingAgent
 	 Initial container: Ithaq_container2
 	 Initial location: null
 	 Entitytype: Wumpus
 	 TreasureType : Gold; diamondCapa: -1; goldCapa: 100
 	 comReach: 3
 	 detection radius: 1
 	 Expertise: [<LockPicking, 1>, <Strength, 2>]
 	 UserParameters: [paramTest]
12:46:37.567 [Tim] INFO  - Entity Tim deployed in h22
 Characteristics:  type : 
 AgentName: Tim
 	 Instance of eu.su.mas.dedaleEtu.mas.agents.dummies.explo.ExploreCoopAgent
 	 Initial container: Ithaq_container2
 	 Initial location: null
 	 Entitytype: AgentExplo
 	 TreasureType : None; diamondCapa: -1; goldCapa: -1
 	 comReach: 3
 	 detection radius: 0
 	 Expertise: [<LockPicking, 1>, <Strength, 2>]
 	 UserParameters: [Elsa, Bob]
12:46:37.576 [Bob] INFO  - Entity Bob deployed in h3
 Characteristics:  type : 
 AgentName: Bob
 	 Instance of eu.su.mas.dedaleEtu.mas.agents.dummies.explo.ExploreCoopAgent
 	 Initial container: Ithaq_container2
 	 Initial location: null
 	 Entitytype: AgentExplo
 	 TreasureType : None; diamondCapa: -1; goldCapa: -1
 	 comReach: 3
 	 detection radius: 0
 	 Expertise: [<LockPicking, 1>, <Strength, 2>]
 	 UserParameters: [Elsa, Tim]
12:57:13.996 [GK] INFO  - Loading configuration for environment MultiTypesV2
12:57:13.997 [GK] INFO  - Generator type:MANUAL
12:57:15.757 [Bob] INFO  - Entity Bob deployed in 33
 Characteristics:  type : 
 AgentName: Bob
 	 Instance of eu.su.mas.dedaleEtu.mas.agents.dummies.explo.ExploreCoopAgent
 	 Initial container: Ithaq_container2
 	 Initial location: null
 	 Entitytype: AgentExplo
 	 TreasureType : None; diamondCapa: -1; goldCapa: -1
 	 comReach: 3
 	 detection radius: 0
 	 Expertise: [<LockPicking, 1>, <Strength, 2>]
 	 UserParameters: [Elsa, Tim]
12:57:15.783 [Elsa] INFO  - Entity Elsa deployed in 76
 Characteristics:  type : 
 AgentName: Elsa
 	 Instance of eu.su.mas.dedaleEtu.mas.agents.dummies.explo.ExploreCoopAgent
 	 Initial container: Ithaq_container2
 	 Initial location: null
 	 Entitytype: AgentExplo
 	 TreasureType : None; diamondCapa: -1; goldCapa: -1
 	 comReach: 3
 	 detection radius: 0
 	 Expertise: [<LockPicking, 1>, <Strength, 2>]
 	 UserParameters: [Tim, Bob]
12:57:15.802 [Tim] INFO  - Entity Tim deployed in 49
 Characteristics:  type : 
 AgentName: Tim
 	 Instance of eu.su.mas.dedaleEtu.mas.agents.dummies.explo.ExploreCoopAgent
 	 Initial container: Ithaq_container2
 	 Initial location: null
 	 Entitytype: AgentExplo
 	 TreasureType : None; diamondCapa: -1; goldCapa: -1
 	 comReach: 3
 	 detection radius: 0
 	 Expertise: [<LockPicking, 1>, <Strength, 2>]
 	 UserParameters: [Elsa, Bob]
12:57:15.820 [Golem] INFO  - Entity Golem deployed in 90
 Characteristics:  type : 
 AgentName: Golem
 	 Instance of eu.su.mas.dedaleEtu.mas.agents.dummies.DummyMovingAgent
 	 Initial container: Ithaq_container2
 	 Initial location: null
 	 Entitytype: Wumpus
 	 TreasureType : None; diamondCapa: -1; goldCapa: -1
 	 comReach: 3
 	 detection radius: 1
 	 Expertise: [<LockPicking, 1>, <Strength, 2>]
 	 UserParameters: [paramTest]
12:57:22.215 [Bob] ERROR - Bob - moveTo : target [null] is not reachable from current position [18]
12:59:32.071 [GK] INFO  - Loading configuration for environment MultiTypesV2
12:59:32.071 [GK] INFO  - Generator type:MANUAL
12:59:33.870 [Golem] INFO  - Entity Golem deployed in 8
 Characteristics:  type : 
 AgentName: Golem
 	 Instance of eu.su.mas.dedaleEtu.mas.agents.dummies.DummyMovingAgent
 	 Initial container: Ithaq_container2
 	 Initial location: null
 	 Entitytype: Wumpus
 	 TreasureType : None; diamondCapa: -1; goldCapa: -1
 	 comReach: 3
 	 detection radius: 1
 	 Expertise: [<LockPicking, 1>, <Strength, 2>]
 	 UserParameters: [paramTest]
12:59:33.877 [Elsa] INFO  - Entity Elsa deployed in 29
 Characteristics:  type : 
 AgentName: Elsa
 	 Instance of eu.su.mas.dedaleEtu.mas.agents.dummies.explo.ExploreCoopAgent
 	 Initial container: Ithaq_container2
 	 Initial location: null
 	 Entitytype: AgentExplo
 	 TreasureType : None; diamondCapa: -1; goldCapa: -1
 	 comReach: 3
 	 detection radius: 0
 	 Expertise: [<LockPicking, 1>, <Strength, 2>]
 	 UserParameters: [Tim, Bob]
12:59:33.885 [Bob] INFO  - Entity Bob deployed in 35
 Characteristics:  type : 
 AgentName: Bob
 	 Instance of eu.su.mas.dedaleEtu.mas.agents.dummies.explo.ExploreCoopAgent
 	 Initial container: Ithaq_container2
 	 Initial location: null
 	 Entitytype: AgentExplo
 	 TreasureType : None; diamondCapa: -1; goldCapa: -1
 	 comReach: 3
 	 detection radius: 0
 	 Expertise: [<LockPicking, 1>, <Strength, 2>]
 	 UserParameters: [Elsa, Tim]
12:59:33.896 [Tim] INFO  - Entity Tim deployed in 3
 Characteristics:  type : 
 AgentName: Tim
 	 Instance of eu.su.mas.dedaleEtu.mas.agents.dummies.explo.ExploreCoopAgent
 	 Initial container: Ithaq_container2
 	 Initial location: null
 	 Entitytype: AgentExplo
 	 TreasureType : None; diamondCapa: -1; goldCapa: -1
 	 comReach: 3
 	 detection radius: 0
 	 Expertise: [<LockPicking, 1>, <Strength, 2>]
 	 UserParameters: [Elsa, Bob]
13:00:14.129 [GK] INFO  - Loading configuration for environment MultiTypesV2
13:00:14.130 [GK] INFO  - Generator type:MANUAL
13:00:16.472 [Golem] INFO  - Entity Golem deployed in 17
 Characteristics:  type : 
 AgentName: Golem
 	 Instance of eu.su.mas.dedaleEtu.mas.agents.dummies.DummyMovingAgent
 	 Initial container: Ithaq_container2
 	 Initial location: null
 	 Entitytype: Wumpus
 	 TreasureType : None; diamondCapa: -1; goldCapa: -1
 	 comReach: 3
 	 detection radius: 1
 	 Expertise: [<LockPicking, 1>, <Strength, 2>]
 	 UserParameters: [paramTest]
13:00:16.479 [Elsa] INFO  - Entity Elsa deployed in 4
 Characteristics:  type : 
 AgentName: Elsa
 	 Instance of eu.su.mas.dedaleEtu.mas.agents.dummies.explo.ExploreCoopAgent
 	 Initial container: Ithaq_container2
 	 Initial location: null
 	 Entitytype: AgentExplo
 	 TreasureType : None; diamondCapa: -1; goldCapa: -1
 	 comReach: 3
 	 detection radius: 0
 	 Expertise: [<LockPicking, 1>, <Strength, 2>]
 	 UserParameters: [Tim, Bob]
13:00:16.488 [Tim] INFO  - Entity Tim deployed in 36
 Characteristics:  type : 
 AgentName: Tim
 	 Instance of eu.su.mas.dedaleEtu.mas.agents.dummies.explo.ExploreCoopAgent
 	 Initial container: Ithaq_container2
 	 Initial location: null
 	 Entitytype: AgentExplo
 	 TreasureType : None; diamondCapa: -1; goldCapa: -1
 	 comReach: 3
 	 detection radius: 0
 	 Expertise: [<LockPicking, 1>, <Strength, 2>]
 	 UserParameters: [Elsa, Bob]
13:00:16.516 [Bob] INFO  - Entity Bob deployed in 41
 Characteristics:  type : 
 AgentName: Bob
 	 Instance of eu.su.mas.dedaleEtu.mas.agents.dummies.explo.ExploreCoopAgent
 	 Initial container: Ithaq_container2
 	 Initial location: null
 	 Entitytype: AgentExplo
 	 TreasureType : None; diamondCapa: -1; goldCapa: -1
 	 comReach: 3
 	 detection radius: 0
 	 Expertise: [<LockPicking, 1>, <Strength, 2>]
 	 UserParameters: [Elsa, Tim]
13:03:45.205 [GK] INFO  - Loading configuration for environment MultiTypesV2
13:03:45.206 [GK] INFO  - Generator type:MANUAL
13:03:47.166 [Bob] INFO  - Entity Bob deployed in 28
 Characteristics:  type : 
 AgentName: Bob
 	 Instance of eu.su.mas.dedaleEtu.mas.agents.dummies.explo.ExploreCoopAgent
 	 Initial container: Ithaq_container2
 	 Initial location: null
 	 Entitytype: AgentExplo
 	 TreasureType : None; diamondCapa: -1; goldCapa: -1
 	 comReach: 3
 	 detection radius: 0
 	 Expertise: [<LockPicking, 1>, <Strength, 2>]
 	 UserParameters: [Elsa, Tim]
13:03:47.188 [Tim] INFO  - Entity Tim deployed in 41
 Characteristics:  type : 
 AgentName: Tim
 	 Instance of eu.su.mas.dedaleEtu.mas.agents.dummies.explo.ExploreCoopAgent
 	 Initial container: Ithaq_container2
 	 Initial location: null
 	 Entitytype: AgentExplo
 	 TreasureType : None; diamondCapa: -1; goldCapa: -1
 	 comReach: 3
 	 detection radius: 0
 	 Expertise: [<LockPicking, 1>, <Strength, 2>]
 	 UserParameters: [Elsa, Bob]
13:03:47.198 [Elsa] INFO  - Entity Elsa deployed in 26
 Characteristics:  type : 
 AgentName: Elsa
 	 Instance of eu.su.mas.dedaleEtu.mas.agents.dummies.explo.ExploreCoopAgent
 	 Initial container: Ithaq_container2
 	 Initial location: null
 	 Entitytype: AgentExplo
 	 TreasureType : None; diamondCapa: -1; goldCapa: -1
 	 comReach: 3
 	 detection radius: 0
 	 Expertise: [<LockPicking, 1>, <Strength, 2>]
 	 UserParameters: [Tim, Bob]
13:03:47.209 [Golem] INFO  - Entity Golem deployed in 20
 Characteristics:  type : 
 AgentName: Golem
 	 Instance of eu.su.mas.dedaleEtu.mas.agents.dummies.DummyMovingAgent
 	 Initial container: Ithaq_container2
 	 Initial location: null
 	 Entitytype: Wumpus
 	 TreasureType : None; diamondCapa: -1; goldCapa: -1
 	 comReach: 3
 	 detection radius: 1
 	 Expertise: [<LockPicking, 1>, <Strength, 2>]
 	 UserParameters: [paramTest]
13:10:09.928 [GK] INFO  - Loading configuration for environment MultiTypesV2
13:10:09.930 [GK] INFO  - Generator type:MANUAL
13:10:11.855 [Josie] INFO  - Entity Josie deployed in 21
 Characteristics:  type : 
 AgentName: Josie
 	 Instance of eu.su.mas.dedaleEtu.mas.agents.dummies.explo.ExploreCoopAgent
 	 Initial container: Ithaq_container2
 	 Initial location: null
 	 Entitytype: AgentExplo
 	 TreasureType : None; diamondCapa: -1; goldCapa: -1
 	 comReach: 3
 	 detection radius: 0
 	 Expertise: [<Strength, 2>, <LockPicking, 1>]
 	 UserParameters: [Elsa, Tim, Bob, Olanna]
13:10:11.882 [Golem] INFO  - Entity Golem deployed in 7
 Characteristics:  type : 
 AgentName: Golem
 	 Instance of eu.su.mas.dedaleEtu.mas.agents.dummies.DummyMovingAgent
 	 Initial container: Ithaq_container2
 	 Initial location: null
 	 Entitytype: Wumpus
 	 TreasureType : None; diamondCapa: -1; goldCapa: -1
 	 comReach: 3
 	 detection radius: 1
 	 Expertise: [<Strength, 2>, <LockPicking, 1>]
 	 UserParameters: [paramTest]
13:10:11.893 [Elsa] INFO  - Entity Elsa deployed in 22
 Characteristics:  type : 
 AgentName: Elsa
 	 Instance of eu.su.mas.dedaleEtu.mas.agents.dummies.explo.ExploreCoopAgent
 	 Initial container: Ithaq_container2
 	 Initial location: null
 	 Entitytype: AgentExplo
 	 TreasureType : None; diamondCapa: -1; goldCapa: -1
 	 comReach: 3
 	 detection radius: 0
 	 Expertise: [<Strength, 2>, <LockPicking, 1>]
 	 UserParameters: [Tim, Bob, Olanna, Josie]
13:10:11.923 [Tim] INFO  - Entity Tim deployed in 19
 Characteristics:  type : 
 AgentName: Tim
 	 Instance of eu.su.mas.dedaleEtu.mas.agents.dummies.explo.ExploreCoopAgent
 	 Initial container: Ithaq_container2
 	 Initial location: null
 	 Entitytype: AgentExplo
 	 TreasureType : None; diamondCapa: -1; goldCapa: -1
 	 comReach: 3
 	 detection radius: 0
 	 Expertise: [<Strength, 2>, <LockPicking, 1>]
 	 UserParameters: [Elsa, Bob, Olanna, Josie]
13:10:11.934 [Bob] INFO  - Entity Bob deployed in 2
 Characteristics:  type : 
 AgentName: Bob
 	 Instance of eu.su.mas.dedaleEtu.mas.agents.dummies.explo.ExploreCoopAgent
 	 Initial container: Ithaq_container2
 	 Initial location: null
 	 Entitytype: AgentExplo
 	 TreasureType : None; diamondCapa: -1; goldCapa: -1
 	 comReach: 3
 	 detection radius: 0
 	 Expertise: [<Strength, 2>, <LockPicking, 1>]
 	 UserParameters: [Elsa, Tim, Olanna, Josie]
13:10:11.944 [Olanna] INFO  - Entity Olanna deployed in 38
 Characteristics:  type : 
 AgentName: Olanna
 	 Instance of eu.su.mas.dedaleEtu.mas.agents.dummies.explo.ExploreCoopAgent
 	 Initial container: Ithaq_container2
 	 Initial location: null
 	 Entitytype: AgentExplo
 	 TreasureType : None; diamondCapa: -1; goldCapa: -1
 	 comReach: 3
 	 detection radius: 0
 	 Expertise: [<Strength, 2>, <LockPicking, 1>]
 	 UserParameters: [Elsa, Tim, Bob, Josie]
13:43:17.098 [GK] INFO  - Loading configuration for environment MultiTypesV2
13:43:17.100 [GK] INFO  - Generator type:MANUAL
13:43:19.592 [Golem] INFO  - Entity Golem deployed in 31
 Characteristics:  type : 
 AgentName: Golem
 	 Instance of eu.su.mas.dedaleEtu.mas.agents.dummies.DummyMovingAgent
 	 Initial container: Ithaq_container2
 	 Initial location: null
 	 Entitytype: Wumpus
 	 TreasureType : None; diamondCapa: -1; goldCapa: -1
 	 comReach: 3
 	 detection radius: 1
 	 Expertise: [<Strength, 2>, <LockPicking, 1>]
 	 UserParameters: [paramTest]
13:43:53.180 [GK] INFO  - Loading configuration for environment MultiTypesV2
13:43:53.181 [GK] INFO  - Generator type:MANUAL
13:43:54.805 [Golem] INFO  - Entity Golem deployed in 34
 Characteristics:  type : 
 AgentName: Golem
 	 Instance of eu.su.mas.dedaleEtu.mas.agents.dummies.DummyMovingAgent
 	 Initial container: Ithaq_container2
 	 Initial location: null
 	 Entitytype: Wumpus
 	 TreasureType : None; diamondCapa: -1; goldCapa: -1
 	 comReach: 3
 	 detection radius: 1
 	 Expertise: [<LockPicking, 1>, <Strength, 2>]
 	 UserParameters: [paramTest]
13:55:55.886 [GK] INFO  - Loading configuration for environment MultiTypesV2
13:55:55.887 [GK] INFO  - Generator type:MANUAL
13:55:58.208 [Tim] INFO  - Entity Tim deployed in 36
 Characteristics:  type : 
 AgentName: Tim
 	 Instance of eu.su.mas.dedaleEtu.mas.agents.dummies.explo.ExploreCoopAgent
 	 Initial container: Ithaq_container2
 	 Initial location: null
 	 Entitytype: AgentExplo
 	 TreasureType : None; diamondCapa: -1; goldCapa: -1
 	 comReach: 3
 	 detection radius: 0
 	 Expertise: [<LockPicking, 1>, <Strength, 2>]
 	 UserParameters: [Elsa, Bob, Olanna, Josie]
13:55:58.234 [Elsa] INFO  - Entity Elsa deployed in 28
 Characteristics:  type : 
 AgentName: Elsa
 	 Instance of eu.su.mas.dedaleEtu.mas.agents.dummies.explo.ExploreCoopAgent
 	 Initial container: Ithaq_container2
 	 Initial location: null
 	 Entitytype: AgentExplo
 	 TreasureType : None; diamondCapa: -1; goldCapa: -1
 	 comReach: 3
 	 detection radius: 0
 	 Expertise: [<LockPicking, 1>, <Strength, 2>]
 	 UserParameters: [Tim, Bob, Olanna, Josie]
13:55:58.236 [Golem] INFO  - Entity Golem deployed in 14
 Characteristics:  type : 
 AgentName: Golem
 	 Instance of eu.su.mas.dedaleEtu.mas.agents.dummies.DummyMovingAgent
 	 Initial container: Ithaq_container2
 	 Initial location: null
 	 Entitytype: Wumpus
 	 TreasureType : None; diamondCapa: -1; goldCapa: -1
 	 comReach: 3
 	 detection radius: 1
 	 Expertise: [<LockPicking, 1>, <Strength, 2>]
 	 UserParameters: [paramTest]
13:55:58.247 [Olanna] INFO  - Entity Olanna deployed in 41
 Characteristics:  type : 
 AgentName: Olanna
 	 Instance of eu.su.mas.dedaleEtu.mas.agents.dummies.explo.ExploreCoopAgent
 	 Initial container: Ithaq_container2
 	 Initial location: null
 	 Entitytype: AgentExplo
 	 TreasureType : None; diamondCapa: -1; goldCapa: -1
 	 comReach: 3
 	 detection radius: 0
 	 Expertise: [<LockPicking, 1>, <Strength, 2>]
 	 UserParameters: [Elsa, Tim, Bob, Josie]
13:55:58.274 [Bob] INFO  - Entity Bob deployed in 19
 Characteristics:  type : 
 AgentName: Bob
 	 Instance of eu.su.mas.dedaleEtu.mas.agents.dummies.explo.ExploreCoopAgent
 	 Initial container: Ithaq_container2
 	 Initial location: null
 	 Entitytype: AgentExplo
 	 TreasureType : None; diamondCapa: -1; goldCapa: -1
 	 comReach: 3
 	 detection radius: 0
 	 Expertise: [<LockPicking, 1>, <Strength, 2>]
 	 UserParameters: [Elsa, Tim, Olanna, Josie]
13:55:58.285 [Josie] INFO  - Entity Josie deployed in 11
 Characteristics:  type : 
 AgentName: Josie
 	 Instance of eu.su.mas.dedaleEtu.mas.agents.dummies.explo.ExploreCoopAgent
 	 Initial container: Ithaq_container2
 	 Initial location: null
 	 Entitytype: AgentExplo
 	 TreasureType : None; diamondCapa: -1; goldCapa: -1
 	 comReach: 3
 	 detection radius: 0
 	 Expertise: [<LockPicking, 1>, <Strength, 2>]
 	 UserParameters: [Elsa, Tim, Bob, Olanna]
13:58:14.616 [GK] INFO  - Loading configuration for environment MultiTypesV2
13:58:14.617 [GK] INFO  - Generator type:MANUAL
13:58:16.501 [Golem] INFO  - Entity Golem deployed in 13
 Characteristics:  type : 
 AgentName: Golem
 	 Instance of eu.su.mas.dedaleEtu.mas.agents.dummies.DummyMovingAgent
 	 Initial container: Ithaq_container2
 	 Initial location: null
 	 Entitytype: Wumpus
 	 TreasureType : None; diamondCapa: -1; goldCapa: -1
 	 comReach: 3
 	 detection radius: 1
 	 Expertise: [<LockPicking, 1>, <Strength, 2>]
 	 UserParameters: [paramTest]
14:00:55.284 [GK] INFO  - Loading configuration for environment MultiTypesV2
14:00:55.284 [GK] INFO  - Generator type:MANUAL
14:00:57.359 [Golem] INFO  - Entity Golem deployed in 37
 Characteristics:  type : 
 AgentName: Golem
 	 Instance of eu.su.mas.dedaleEtu.mas.agents.dummies.DummyMovingAgent
 	 Initial container: Ithaq_container2
 	 Initial location: null
 	 Entitytype: Wumpus
 	 TreasureType : None; diamondCapa: -1; goldCapa: -1
 	 comReach: 3
 	 detection radius: 1
 	 Expertise: [<Strength, 2>, <LockPicking, 1>]
 	 UserParameters: [paramTest]
14:03:00.846 [GK] INFO  - Loading configuration for environment MultiTypesV2
14:03:00.846 [GK] INFO  - Generator type:MANUAL
14:03:02.404 [Golem] INFO  - Entity Golem deployed in 33
 Characteristics:  type : 
 AgentName: Golem
 	 Instance of eu.su.mas.dedaleEtu.mas.agents.dummies.DummyMovingAgent
 	 Initial container: Ithaq_container2
 	 Initial location: null
 	 Entitytype: Wumpus
 	 TreasureType : None; diamondCapa: -1; goldCapa: -1
 	 comReach: 3
 	 detection radius: 1
 	 Expertise: [<LockPicking, 1>, <Strength, 2>]
 	 UserParameters: [paramTest]
14:19:49.561 [GK] INFO  - Loading configuration for environment MultiTypesV2
14:19:49.562 [GK] INFO  - Generator type:MANUAL
14:19:51.477 [Elsa] INFO  - Entity Elsa deployed in 2
 Characteristics:  type : 
 AgentName: Elsa
 	 Instance of eu.su.mas.dedaleEtu.mas.agents.dummies.explo.ExploreCoopAgent
 	 Initial container: Ithaq_container2
 	 Initial location: null
 	 Entitytype: AgentExplo
 	 TreasureType : None; diamondCapa: -1; goldCapa: -1
 	 comReach: 3
 	 detection radius: 0
 	 Expertise: [<LockPicking, 1>, <Strength, 2>]
 	 UserParameters: [Tim, Bob, Olanna, Josie]
14:19:51.480 [Golem] INFO  - Entity Golem deployed in 6
 Characteristics:  type : 
 AgentName: Golem
 	 Instance of eu.su.mas.dedaleEtu.mas.agents.dummies.DummyMovingAgent
 	 Initial container: Ithaq_container2
 	 Initial location: null
 	 Entitytype: Wumpus
 	 TreasureType : None; diamondCapa: -1; goldCapa: -1
 	 comReach: 3
 	 detection radius: 1
 	 Expertise: [<LockPicking, 1>, <Strength, 2>]
 	 UserParameters: [paramTest]
14:19:51.510 [Olanna] INFO  - Entity Olanna deployed in 19
 Characteristics:  type : 
 AgentName: Olanna
 	 Instance of eu.su.mas.dedaleEtu.mas.agents.dummies.explo.ExploreCoopAgent
 	 Initial container: Ithaq_container2
 	 Initial location: null
 	 Entitytype: AgentExplo
 	 TreasureType : None; diamondCapa: -1; goldCapa: -1
 	 comReach: 3
 	 detection radius: 0
 	 Expertise: [<LockPicking, 1>, <Strength, 2>]
 	 UserParameters: [Elsa, Tim, Bob, Josie]
14:19:51.520 [Josie] INFO  - Entity Josie deployed in 29
 Characteristics:  type : 
 AgentName: Josie
 	 Instance of eu.su.mas.dedaleEtu.mas.agents.dummies.explo.ExploreCoopAgent
 	 Initial container: Ithaq_container2
 	 Initial location: null
 	 Entitytype: AgentExplo
 	 TreasureType : None; diamondCapa: -1; goldCapa: -1
 	 comReach: 3
 	 detection radius: 0
 	 Expertise: [<LockPicking, 1>, <Strength, 2>]
 	 UserParameters: [Elsa, Tim, Bob, Olanna]
14:19:51.534 [Bob] INFO  - Entity Bob deployed in 36
 Characteristics:  type : 
 AgentName: Bob
 	 Instance of eu.su.mas.dedaleEtu.mas.agents.dummies.explo.ExploreCoopAgent
 	 Initial container: Ithaq_container2
 	 Initial location: null
 	 Entitytype: AgentExplo
 	 TreasureType : None; diamondCapa: -1; goldCapa: -1
 	 comReach: 3
 	 detection radius: 0
 	 Expertise: [<LockPicking, 1>, <Strength, 2>]
 	 UserParameters: [Elsa, Tim, Olanna, Josie]
14:19:51.544 [Tim] INFO  - Entity Tim deployed in 35
 Characteristics:  type : 
 AgentName: Tim
 	 Instance of eu.su.mas.dedaleEtu.mas.agents.dummies.explo.ExploreCoopAgent
 	 Initial container: Ithaq_container2
 	 Initial location: null
 	 Entitytype: AgentExplo
 	 TreasureType : None; diamondCapa: -1; goldCapa: -1
 	 comReach: 3
 	 detection radius: 0
 	 Expertise: [<LockPicking, 1>, <Strength, 2>]
 	 UserParameters: [Elsa, Bob, Olanna, Josie]
15:59:04.403 [GK] INFO  - Loading configuration for environment MultiTypesV2
15:59:04.404 [GK] INFO  - Generator type:MANUAL
15:59:06.538 [Golem] INFO  - Entity Golem deployed in 31
 Characteristics:  type : 
 AgentName: Golem
 	 Instance of eu.su.mas.dedaleEtu.mas.agents.dummies.DummyMovingAgent
 	 Initial container: Ithaq_container2
 	 Initial location: null
 	 Entitytype: Wumpus
 	 TreasureType : None; diamondCapa: -1; goldCapa: -1
 	 comReach: 3
 	 detection radius: 1
 	 Expertise: [<LockPicking, 1>, <Strength, 2>]
 	 UserParameters: [paramTest]
15:59:06.565 [Elsa] INFO  - Entity Elsa deployed in 10
 Characteristics:  type : 
 AgentName: Elsa
 	 Instance of eu.su.mas.dedaleEtu.mas.agents.dummies.explo.ExploreCoopAgent
 	 Initial container: Ithaq_container2
 	 Initial location: null
 	 Entitytype: AgentExplo
 	 TreasureType : None; diamondCapa: -1; goldCapa: -1
 	 comReach: 3
 	 detection radius: 0
 	 Expertise: [<LockPicking, 1>, <Strength, 2>]
 	 UserParameters: [Tim, Bob, Olanna, Josie]
15:59:06.570 [Olanna] INFO  - Entity Olanna deployed in 14
 Characteristics:  type : 
 AgentName: Olanna
 	 Instance of eu.su.mas.dedaleEtu.mas.agents.dummies.explo.ExploreCoopAgent
 	 Initial container: Ithaq_container2
 	 Initial location: null
 	 Entitytype: AgentExplo
 	 TreasureType : None; diamondCapa: -1; goldCapa: -1
 	 comReach: 3
 	 detection radius: 0
 	 Expertise: [<LockPicking, 1>, <Strength, 2>]
 	 UserParameters: [Elsa, Tim, Bob, Josie]
15:59:06.575 [Josie] INFO  - Entity Josie deployed in 9
 Characteristics:  type : 
 AgentName: Josie
 	 Instance of eu.su.mas.dedaleEtu.mas.agents.dummies.explo.ExploreCoopAgent
 	 Initial container: Ithaq_container2
 	 Initial location: null
 	 Entitytype: AgentExplo
 	 TreasureType : None; diamondCapa: -1; goldCapa: -1
 	 comReach: 3
 	 detection radius: 0
 	 Expertise: [<LockPicking, 1>, <Strength, 2>]
 	 UserParameters: [Elsa, Tim, Bob, Olanna]
15:59:06.579 [Tim] INFO  - Entity Tim deployed in 11
 Characteristics:  type : 
 AgentName: Tim
 	 Instance of eu.su.mas.dedaleEtu.mas.agents.dummies.explo.ExploreCoopAgent
 	 Initial container: Ithaq_container2
 	 Initial location: null
 	 Entitytype: AgentExplo
 	 TreasureType : None; diamondCapa: -1; goldCapa: -1
 	 comReach: 3
 	 detection radius: 0
 	 Expertise: [<LockPicking, 1>, <Strength, 2>]
 	 UserParameters: [Elsa, Bob, Olanna, Josie]
15:59:06.583 [Bob] INFO  - Entity Bob deployed in 21
 Characteristics:  type : 
 AgentName: Bob
 	 Instance of eu.su.mas.dedaleEtu.mas.agents.dummies.explo.ExploreCoopAgent
 	 Initial container: Ithaq_container2
 	 Initial location: null
 	 Entitytype: AgentExplo
 	 TreasureType : None; diamondCapa: -1; goldCapa: -1
 	 comReach: 3
 	 detection radius: 0
 	 Expertise: [<LockPicking, 1>, <Strength, 2>]
 	 UserParameters: [Elsa, Tim, Olanna, Josie]
15:59:22.747 [GK] INFO  - Loading configuration for environment MultiTypesV2
15:59:22.748 [GK] INFO  - Generator type:MANUAL
15:59:24.916 [Bob] INFO  - Entity Bob deployed in 37
 Characteristics:  type : 
 AgentName: Bob
 	 Instance of eu.su.mas.dedaleEtu.mas.agents.dummies.explo.ExploreCoopAgent
 	 Initial container: Ithaq_container2
 	 Initial location: null
 	 Entitytype: AgentExplo
 	 TreasureType : None; diamondCapa: -1; goldCapa: -1
 	 comReach: 3
 	 detection radius: 0
 	 Expertise: [<Strength, 2>, <LockPicking, 1>]
 	 UserParameters: [Elsa, Tim, Olanna, Josie]
15:59:24.927 [Josie] INFO  - Entity Josie deployed in 23
 Characteristics:  type : 
 AgentName: Josie
 	 Instance of eu.su.mas.dedaleEtu.mas.agents.dummies.explo.ExploreCoopAgent
 	 Initial container: Ithaq_container2
 	 Initial location: null
 	 Entitytype: AgentExplo
 	 TreasureType : None; diamondCapa: -1; goldCapa: -1
 	 comReach: 3
 	 detection radius: 0
 	 Expertise: [<Strength, 2>, <LockPicking, 1>]
 	 UserParameters: [Elsa, Tim, Bob, Olanna]
15:59:24.936 [Elsa] INFO  - Entity Elsa deployed in 12
 Characteristics:  type : 
 AgentName: Elsa
 	 Instance of eu.su.mas.dedaleEtu.mas.agents.dummies.explo.ExploreCoopAgent
 	 Initial container: Ithaq_container2
 	 Initial location: null
 	 Entitytype: AgentExplo
 	 TreasureType : None; diamondCapa: -1; goldCapa: -1
 	 comReach: 3
 	 detection radius: 0
 	 Expertise: [<Strength, 2>, <LockPicking, 1>]
 	 UserParameters: [Tim, Bob, Olanna, Josie]
15:59:24.942 [Tim] INFO  - Entity Tim deployed in 5
 Characteristics:  type : 
 AgentName: Tim
 	 Instance of eu.su.mas.dedaleEtu.mas.agents.dummies.explo.ExploreCoopAgent
 	 Initial container: Ithaq_container2
 	 Initial location: null
 	 Entitytype: AgentExplo
 	 TreasureType : None; diamondCapa: -1; goldCapa: -1
 	 comReach: 3
 	 detection radius: 0
 	 Expertise: [<Strength, 2>, <LockPicking, 1>]
 	 UserParameters: [Elsa, Bob, Olanna, Josie]
15:59:24.946 [Golem] INFO  - Entity Golem deployed in 7
 Characteristics:  type : 
 AgentName: Golem
 	 Instance of eu.su.mas.dedaleEtu.mas.agents.dummies.DummyMovingAgent
 	 Initial container: Ithaq_container2
 	 Initial location: null
 	 Entitytype: Wumpus
 	 TreasureType : None; diamondCapa: -1; goldCapa: -1
 	 comReach: 3
 	 detection radius: 1
 	 Expertise: [<Strength, 2>, <LockPicking, 1>]
 	 UserParameters: [paramTest]
15:59:24.963 [Olanna] INFO  - Entity Olanna deployed in 2
 Characteristics:  type : 
 AgentName: Olanna
 	 Instance of eu.su.mas.dedaleEtu.mas.agents.dummies.explo.ExploreCoopAgent
 	 Initial container: Ithaq_container2
 	 Initial location: null
 	 Entitytype: AgentExplo
 	 TreasureType : None; diamondCapa: -1; goldCapa: -1
 	 comReach: 3
 	 detection radius: 0
 	 Expertise: [<Strength, 2>, <LockPicking, 1>]
 	 UserParameters: [Elsa, Tim, Bob, Josie]
15:59:50.389 [GK] INFO  - Loading configuration for environment MultiTypesV2
15:59:50.390 [GK] INFO  - Generator type:MANUAL
15:59:52.441 [Josie] INFO  - Entity Josie deployed in 38
 Characteristics:  type : 
 AgentName: Josie
 	 Instance of eu.su.mas.dedaleEtu.mas.agents.dummies.explo.ExploreCoopAgent
 	 Initial container: Ithaq_container2
 	 Initial location: null
 	 Entitytype: AgentExplo
 	 TreasureType : None; diamondCapa: -1; goldCapa: -1
 	 comReach: 3
 	 detection radius: 0
 	 Expertise: [<LockPicking, 1>, <Strength, 2>]
 	 UserParameters: [Elsa, Tim, Bob, Olanna]
15:59:52.450 [Bob] INFO  - Entity Bob deployed in 6
 Characteristics:  type : 
 AgentName: Bob
 	 Instance of eu.su.mas.dedaleEtu.mas.agents.dummies.explo.ExploreCoopAgent
 	 Initial container: Ithaq_container2
 	 Initial location: null
 	 Entitytype: AgentExplo
 	 TreasureType : None; diamondCapa: -1; goldCapa: -1
 	 comReach: 3
 	 detection radius: 0
 	 Expertise: [<LockPicking, 1>, <Strength, 2>]
 	 UserParameters: [Elsa, Tim, Olanna, Josie]
15:59:52.453 [Olanna] INFO  - Entity Olanna deployed in 11
 Characteristics:  type : 
 AgentName: Olanna
 	 Instance of eu.su.mas.dedaleEtu.mas.agents.dummies.explo.ExploreCoopAgent
 	 Initial container: Ithaq_container2
 	 Initial location: null
 	 Entitytype: AgentExplo
 	 TreasureType : None; diamondCapa: -1; goldCapa: -1
 	 comReach: 3
 	 detection radius: 0
 	 Expertise: [<LockPicking, 1>, <Strength, 2>]
 	 UserParameters: [Elsa, Tim, Bob, Josie]
15:59:52.461 [Tim] INFO  - Entity Tim deployed in 35
 Characteristics:  type : 
 AgentName: Tim
 	 Instance of eu.su.mas.dedaleEtu.mas.agents.dummies.explo.ExploreCoopAgent
 	 Initial container: Ithaq_container2
 	 Initial location: null
 	 Entitytype: AgentExplo
 	 TreasureType : None; diamondCapa: -1; goldCapa: -1
 	 comReach: 3
 	 detection radius: 0
 	 Expertise: [<LockPicking, 1>, <Strength, 2>]
 	 UserParameters: [Elsa, Bob, Olanna, Josie]
15:59:52.467 [Golem] INFO  - Entity Golem deployed in 4
 Characteristics:  type : 
 AgentName: Golem
 	 Instance of eu.su.mas.dedaleEtu.mas.agents.dummies.DummyMovingAgent
 	 Initial container: Ithaq_container2
 	 Initial location: null
 	 Entitytype: Wumpus
 	 TreasureType : None; diamondCapa: -1; goldCapa: -1
 	 comReach: 3
 	 detection radius: 1
 	 Expertise: [<LockPicking, 1>, <Strength, 2>]
 	 UserParameters: [paramTest]
15:59:52.491 [Elsa] INFO  - Entity Elsa deployed in 19
 Characteristics:  type : 
 AgentName: Elsa
 	 Instance of eu.su.mas.dedaleEtu.mas.agents.dummies.explo.ExploreCoopAgent
 	 Initial container: Ithaq_container2
 	 Initial location: null
 	 Entitytype: AgentExplo
 	 TreasureType : None; diamondCapa: -1; goldCapa: -1
 	 comReach: 3
 	 detection radius: 0
 	 Expertise: [<LockPicking, 1>, <Strength, 2>]
 	 UserParameters: [Tim, Bob, Olanna, Josie]
16:07:07.225 [GK] INFO  - Loading configuration for environment MultiTypesV2
16:07:07.229 [GK] INFO  - Generator type:MANUAL
16:07:09.461 [Golem] INFO  - Entity Golem deployed in 8
 Characteristics:  type : 
 AgentName: Golem
 	 Instance of eu.su.mas.dedaleEtu.mas.agents.dummies.DummyMovingAgent
 	 Initial container: Ithaq_container2
 	 Initial location: null
 	 Entitytype: Wumpus
 	 TreasureType : None; diamondCapa: -1; goldCapa: -1
 	 comReach: 3
 	 detection radius: 1
 	 Expertise: [<LockPicking, 1>, <Strength, 2>]
 	 UserParameters: [paramTest]
16:07:09.489 [Josie] INFO  - Entity Josie deployed in 32
 Characteristics:  type : 
 AgentName: Josie
 	 Instance of eu.su.mas.dedaleEtu.mas.agents.dummies.explo.ExploreCoopAgent
 	 Initial container: Ithaq_container2
 	 Initial location: null
 	 Entitytype: AgentExplo
 	 TreasureType : None; diamondCapa: -1; goldCapa: -1
 	 comReach: 3
 	 detection radius: 0
 	 Expertise: [<LockPicking, 1>, <Strength, 2>]
 	 UserParameters: [Elsa, Tim, Bob, Olanna]
16:07:09.495 [Bob] INFO  - Entity Bob deployed in 34
 Characteristics:  type : 
 AgentName: Bob
 	 Instance of eu.su.mas.dedaleEtu.mas.agents.dummies.explo.ExploreCoopAgent
 	 Initial container: Ithaq_container2
 	 Initial location: null
 	 Entitytype: AgentExplo
 	 TreasureType : None; diamondCapa: -1; goldCapa: -1
 	 comReach: 3
 	 detection radius: 0
 	 Expertise: [<LockPicking, 1>, <Strength, 2>]
 	 UserParameters: [Elsa, Tim, Olanna, Josie]
16:07:09.497 [Tim] INFO  - Entity Tim deployed in 38
 Characteristics:  type : 
 AgentName: Tim
 	 Instance of eu.su.mas.dedaleEtu.mas.agents.dummies.explo.ExploreCoopAgent
 	 Initial container: Ithaq_container2
 	 Initial location: null
 	 Entitytype: AgentExplo
 	 TreasureType : None; diamondCapa: -1; goldCapa: -1
 	 comReach: 3
 	 detection radius: 0
 	 Expertise: [<LockPicking, 1>, <Strength, 2>]
 	 UserParameters: [Elsa, Bob, Olanna, Josie]
16:07:09.502 [Elsa] INFO  - Entity Elsa deployed in 4
 Characteristics:  type : 
 AgentName: Elsa
 	 Instance of eu.su.mas.dedaleEtu.mas.agents.dummies.explo.ExploreCoopAgent
 	 Initial container: Ithaq_container2
 	 Initial location: null
 	 Entitytype: AgentExplo
 	 TreasureType : None; diamondCapa: -1; goldCapa: -1
 	 comReach: 3
 	 detection radius: 0
 	 Expertise: [<LockPicking, 1>, <Strength, 2>]
 	 UserParameters: [Tim, Bob, Olanna, Josie]
16:07:09.506 [Olanna] INFO  - Entity Olanna deployed in 24
 Characteristics:  type : 
 AgentName: Olanna
 	 Instance of eu.su.mas.dedaleEtu.mas.agents.dummies.explo.ExploreCoopAgent
 	 Initial container: Ithaq_container2
 	 Initial location: null
 	 Entitytype: AgentExplo
 	 TreasureType : None; diamondCapa: -1; goldCapa: -1
 	 comReach: 3
 	 detection radius: 0
 	 Expertise: [<LockPicking, 1>, <Strength, 2>]
 	 UserParameters: [Elsa, Tim, Bob, Josie]
16:13:13.150 [GK] INFO  - Loading configuration for environment MultiTypesV2
16:13:13.151 [GK] INFO  - Generator type:MANUAL
16:13:15.278 [Bob] INFO  - Entity Bob deployed in 33
 Characteristics:  type : 
 AgentName: Bob
 	 Instance of eu.su.mas.dedaleEtu.mas.agents.dummies.explo.ExploreCoopAgent
 	 Initial container: Ithaq_container2
 	 Initial location: null
 	 Entitytype: AgentExplo
 	 TreasureType : None; diamondCapa: -1; goldCapa: -1
 	 comReach: 3
 	 detection radius: 0
 	 Expertise: [<LockPicking, 1>, <Strength, 2>]
 	 UserParameters: [Elsa, Tim, Olanna, Josie]
16:13:15.286 [Josie] INFO  - Entity Josie deployed in 36
 Characteristics:  type : 
 AgentName: Josie
 	 Instance of eu.su.mas.dedaleEtu.mas.agents.dummies.explo.ExploreCoopAgent
 	 Initial container: Ithaq_container2
 	 Initial location: null
 	 Entitytype: AgentExplo
 	 TreasureType : None; diamondCapa: -1; goldCapa: -1
 	 comReach: 3
 	 detection radius: 0
 	 Expertise: [<LockPicking, 1>, <Strength, 2>]
 	 UserParameters: [Elsa, Tim, Bob, Olanna]
16:13:15.289 [Olanna] INFO  - Entity Olanna deployed in 17
 Characteristics:  type : 
 AgentName: Olanna
 	 Instance of eu.su.mas.dedaleEtu.mas.agents.dummies.explo.ExploreCoopAgent
 	 Initial container: Ithaq_container2
 	 Initial location: null
 	 Entitytype: AgentExplo
 	 TreasureType : None; diamondCapa: -1; goldCapa: -1
 	 comReach: 3
 	 detection radius: 0
 	 Expertise: [<LockPicking, 1>, <Strength, 2>]
 	 UserParameters: [Elsa, Tim, Bob, Josie]
16:13:15.293 [Elsa] INFO  - Entity Elsa deployed in 40
 Characteristics:  type : 
 AgentName: Elsa
 	 Instance of eu.su.mas.dedaleEtu.mas.agents.dummies.explo.ExploreCoopAgent
 	 Initial container: Ithaq_container2
 	 Initial location: null
 	 Entitytype: AgentExplo
 	 TreasureType : None; diamondCapa: -1; goldCapa: -1
 	 comReach: 3
 	 detection radius: 0
 	 Expertise: [<LockPicking, 1>, <Strength, 2>]
 	 UserParameters: [Tim, Bob, Olanna, Josie]
16:13:15.297 [Golem] INFO  - Entity Golem deployed in 19
 Characteristics:  type : 
 AgentName: Golem
 	 Instance of eu.su.mas.dedaleEtu.mas.agents.dummies.DummyMovingAgent
 	 Initial container: Ithaq_container2
 	 Initial location: null
 	 Entitytype: Wumpus
 	 TreasureType : None; diamondCapa: -1; goldCapa: -1
 	 comReach: 3
 	 detection radius: 1
 	 Expertise: [<LockPicking, 1>, <Strength, 2>]
 	 UserParameters: [paramTest]
16:13:15.307 [Tim] INFO  - Entity Tim deployed in 13
 Characteristics:  type : 
 AgentName: Tim
 	 Instance of eu.su.mas.dedaleEtu.mas.agents.dummies.explo.ExploreCoopAgent
 	 Initial container: Ithaq_container2
 	 Initial location: null
 	 Entitytype: AgentExplo
 	 TreasureType : None; diamondCapa: -1; goldCapa: -1
 	 comReach: 3
 	 detection radius: 0
 	 Expertise: [<LockPicking, 1>, <Strength, 2>]
 	 UserParameters: [Elsa, Bob, Olanna, Josie]
16:24:41.876 [GK] INFO  - Loading configuration for environment MultiTypesV2
16:24:41.878 [GK] INFO  - Generator type:MANUAL
16:24:43.920 [Josie] INFO  - Entity Josie deployed in 19
 Characteristics:  type : 
 AgentName: Josie
 	 Instance of eu.su.mas.dedaleEtu.mas.agents.dummies.explo.ExploreCoopAgent
 	 Initial container: Ithaq_container2
 	 Initial location: null
 	 Entitytype: AgentExplo
 	 TreasureType : None; diamondCapa: -1; goldCapa: -1
 	 comReach: 3
 	 detection radius: 0
 	 Expertise: [<LockPicking, 1>, <Strength, 2>]
 	 UserParameters: [Elsa, Tim, Bob, Olanna]
16:24:43.937 [Elsa] INFO  - Entity Elsa deployed in 16
 Characteristics:  type : 
 AgentName: Elsa
 	 Instance of eu.su.mas.dedaleEtu.mas.agents.dummies.explo.ExploreCoopAgent
 	 Initial container: Ithaq_container2
 	 Initial location: null
 	 Entitytype: AgentExplo
 	 TreasureType : None; diamondCapa: -1; goldCapa: -1
 	 comReach: 3
 	 detection radius: 0
 	 Expertise: [<LockPicking, 1>, <Strength, 2>]
 	 UserParameters: [Tim, Bob, Olanna, Josie]
16:24:43.942 [Olanna] INFO  - Entity Olanna deployed in 8
 Characteristics:  type : 
 AgentName: Olanna
 	 Instance of eu.su.mas.dedaleEtu.mas.agents.dummies.explo.ExploreCoopAgent
 	 Initial container: Ithaq_container2
 	 Initial location: null
 	 Entitytype: AgentExplo
 	 TreasureType : None; diamondCapa: -1; goldCapa: -1
 	 comReach: 3
 	 detection radius: 0
 	 Expertise: [<LockPicking, 1>, <Strength, 2>]
 	 UserParameters: [Elsa, Tim, Bob, Josie]
16:24:43.948 [Bob] INFO  - Entity Bob deployed in 37
 Characteristics:  type : 
 AgentName: Bob
 	 Instance of eu.su.mas.dedaleEtu.mas.agents.dummies.explo.ExploreCoopAgent
 	 Initial container: Ithaq_container2
 	 Initial location: null
 	 Entitytype: AgentExplo
 	 TreasureType : None; diamondCapa: -1; goldCapa: -1
 	 comReach: 3
 	 detection radius: 0
 	 Expertise: [<LockPicking, 1>, <Strength, 2>]
 	 UserParameters: [Elsa, Tim, Olanna, Josie]
16:24:43.953 [Golem] INFO  - Entity Golem deployed in 28
 Characteristics:  type : 
 AgentName: Golem
 	 Instance of eu.su.mas.dedaleEtu.mas.agents.dummies.DummyMovingAgent
 	 Initial container: Ithaq_container2
 	 Initial location: null
 	 Entitytype: Wumpus
 	 TreasureType : None; diamondCapa: -1; goldCapa: -1
 	 comReach: 3
 	 detection radius: 1
 	 Expertise: [<LockPicking, 1>, <Strength, 2>]
 	 UserParameters: [paramTest]
16:24:43.967 [Tim] INFO  - Entity Tim deployed in 21
 Characteristics:  type : 
 AgentName: Tim
 	 Instance of eu.su.mas.dedaleEtu.mas.agents.dummies.explo.ExploreCoopAgent
 	 Initial container: Ithaq_container2
 	 Initial location: null
 	 Entitytype: AgentExplo
 	 TreasureType : None; diamondCapa: -1; goldCapa: -1
 	 comReach: 3
 	 detection radius: 0
 	 Expertise: [<LockPicking, 1>, <Strength, 2>]
 	 UserParameters: [Elsa, Bob, Olanna, Josie]
16:26:41.907 [GK] INFO  - Loading configuration for environment MultiTypesV2
16:26:41.910 [GK] INFO  - Generator type:MANUAL
16:26:45.004 [Tim] INFO  - Entity Tim deployed in 16
 Characteristics:  type : 
 AgentName: Tim
 	 Instance of eu.su.mas.dedaleEtu.mas.agents.dummies.explo.ExploreCoopAgent
 	 Initial container: Ithaq_container2
 	 Initial location: null
 	 Entitytype: AgentExplo
 	 TreasureType : None; diamondCapa: -1; goldCapa: -1
 	 comReach: 3
 	 detection radius: 0
 	 Expertise: [<LockPicking, 1>, <Strength, 2>]
 	 UserParameters: [Elsa, Bob, Olanna, Josie]
16:26:45.018 [Bob] INFO  - Entity Bob deployed in 36
 Characteristics:  type : 
 AgentName: Bob
 	 Instance of eu.su.mas.dedaleEtu.mas.agents.dummies.explo.ExploreCoopAgent
 	 Initial container: Ithaq_container2
 	 Initial location: null
 	 Entitytype: AgentExplo
 	 TreasureType : None; diamondCapa: -1; goldCapa: -1
 	 comReach: 3
 	 detection radius: 0
 	 Expertise: [<LockPicking, 1>, <Strength, 2>]
 	 UserParameters: [Elsa, Tim, Olanna, Josie]
16:26:45.024 [Josie] INFO  - Entity Josie deployed in 22
 Characteristics:  type : 
 AgentName: Josie
 	 Instance of eu.su.mas.dedaleEtu.mas.agents.dummies.explo.ExploreCoopAgent
 	 Initial container: Ithaq_container2
 	 Initial location: null
 	 Entitytype: AgentExplo
 	 TreasureType : None; diamondCapa: -1; goldCapa: -1
 	 comReach: 3
 	 detection radius: 0
 	 Expertise: [<LockPicking, 1>, <Strength, 2>]
 	 UserParameters: [Elsa, Tim, Bob, Olanna]
16:26:45.029 [Golem] INFO  - Entity Golem deployed in 38
 Characteristics:  type : 
 AgentName: Golem
 	 Instance of eu.su.mas.dedaleEtu.mas.agents.dummies.DummyMovingAgent
 	 Initial container: Ithaq_container2
 	 Initial location: null
 	 Entitytype: Wumpus
 	 TreasureType : None; diamondCapa: -1; goldCapa: -1
 	 comReach: 3
 	 detection radius: 1
 	 Expertise: [<LockPicking, 1>, <Strength, 2>]
 	 UserParameters: [paramTest]
16:26:45.060 [Olanna] INFO  - Entity Olanna deployed in 19
 Characteristics:  type : 
 AgentName: Olanna
 	 Instance of eu.su.mas.dedaleEtu.mas.agents.dummies.explo.ExploreCoopAgent
 	 Initial container: Ithaq_container2
 	 Initial location: null
 	 Entitytype: AgentExplo
 	 TreasureType : None; diamondCapa: -1; goldCapa: -1
 	 comReach: 3
 	 detection radius: 0
 	 Expertise: [<LockPicking, 1>, <Strength, 2>]
 	 UserParameters: [Elsa, Tim, Bob, Josie]
16:26:45.063 [Elsa] INFO  - Entity Elsa deployed in 20
 Characteristics:  type : 
 AgentName: Elsa
 	 Instance of eu.su.mas.dedaleEtu.mas.agents.dummies.explo.ExploreCoopAgent
 	 Initial container: Ithaq_container2
 	 Initial location: null
 	 Entitytype: AgentExplo
 	 TreasureType : None; diamondCapa: -1; goldCapa: -1
 	 comReach: 3
 	 detection radius: 0
 	 Expertise: [<LockPicking, 1>, <Strength, 2>]
 	 UserParameters: [Tim, Bob, Olanna, Josie]
16:28:46.890 [GK] INFO  - Loading configuration for environment MultiTypesV2
16:28:46.891 [GK] INFO  - Generator type:MANUAL
16:28:49.331 [Elsa] INFO  - Entity Elsa deployed in 6
 Characteristics:  type : 
 AgentName: Elsa
 	 Instance of eu.su.mas.dedaleEtu.mas.agents.dummies.explo.ExploreCoopAgent
 	 Initial container: Ithaq_container2
 	 Initial location: null
 	 Entitytype: AgentExplo
 	 TreasureType : None; diamondCapa: -1; goldCapa: -1
 	 comReach: 3
 	 detection radius: 0
 	 Expertise: [<LockPicking, 1>, <Strength, 2>]
 	 UserParameters: [Tim, Bob, Olanna, Josie]
16:28:49.339 [Bob] INFO  - Entity Bob deployed in 13
 Characteristics:  type : 
 AgentName: Bob
 	 Instance of eu.su.mas.dedaleEtu.mas.agents.dummies.explo.ExploreCoopAgent
 	 Initial container: Ithaq_container2
 	 Initial location: null
 	 Entitytype: AgentExplo
 	 TreasureType : None; diamondCapa: -1; goldCapa: -1
 	 comReach: 3
 	 detection radius: 0
 	 Expertise: [<LockPicking, 1>, <Strength, 2>]
 	 UserParameters: [Elsa, Tim, Olanna, Josie]
16:28:49.345 [Tim] INFO  - Entity Tim deployed in 20
 Characteristics:  type : 
 AgentName: Tim
 	 Instance of eu.su.mas.dedaleEtu.mas.agents.dummies.explo.ExploreCoopAgent
 	 Initial container: Ithaq_container2
 	 Initial location: null
 	 Entitytype: AgentExplo
 	 TreasureType : None; diamondCapa: -1; goldCapa: -1
 	 comReach: 3
 	 detection radius: 0
 	 Expertise: [<LockPicking, 1>, <Strength, 2>]
 	 UserParameters: [Elsa, Bob, Olanna, Josie]
16:28:49.356 [Olanna] INFO  - Entity Olanna deployed in 9
 Characteristics:  type : 
 AgentName: Olanna
 	 Instance of eu.su.mas.dedaleEtu.mas.agents.dummies.explo.ExploreCoopAgent
 	 Initial container: Ithaq_container2
 	 Initial location: null
 	 Entitytype: AgentExplo
 	 TreasureType : None; diamondCapa: -1; goldCapa: -1
 	 comReach: 3
 	 detection radius: 0
 	 Expertise: [<LockPicking, 1>, <Strength, 2>]
 	 UserParameters: [Elsa, Tim, Bob, Josie]
16:28:49.394 [Golem] INFO  - Entity Golem deployed in 34
 Characteristics:  type : 
 AgentName: Golem
 	 Instance of eu.su.mas.dedaleEtu.mas.agents.dummies.DummyMovingAgent
 	 Initial container: Ithaq_container2
 	 Initial location: null
 	 Entitytype: Wumpus
 	 TreasureType : None; diamondCapa: -1; goldCapa: -1
 	 comReach: 3
 	 detection radius: 1
 	 Expertise: [<LockPicking, 1>, <Strength, 2>]
 	 UserParameters: [paramTest]
16:28:49.416 [Josie] INFO  - Entity Josie deployed in 24
 Characteristics:  type : 
 AgentName: Josie
 	 Instance of eu.su.mas.dedaleEtu.mas.agents.dummies.explo.ExploreCoopAgent
 	 Initial container: Ithaq_container2
 	 Initial location: null
 	 Entitytype: AgentExplo
 	 TreasureType : None; diamondCapa: -1; goldCapa: -1
 	 comReach: 3
 	 detection radius: 0
 	 Expertise: [<LockPicking, 1>, <Strength, 2>]
 	 UserParameters: [Elsa, Tim, Bob, Olanna]
16:37:46.896 [GK] INFO  - Loading configuration for environment MultiTypesV2
16:37:46.897 [GK] INFO  - Generator type:MANUAL
16:37:49.092 [Tim] INFO  - Entity Tim deployed in 28
 Characteristics:  type : 
 AgentName: Tim
 	 Instance of eu.su.mas.dedaleEtu.mas.agents.dummies.explo.ExploreCoopAgent
 	 Initial container: Ithaq_container2
 	 Initial location: null
 	 Entitytype: AgentExplo
 	 TreasureType : None; diamondCapa: -1; goldCapa: -1
 	 comReach: 3
 	 detection radius: 0
 	 Expertise: [<LockPicking, 1>, <Strength, 2>]
 	 UserParameters: [Elsa, Bob, Olanna, Josie]
16:37:49.104 [Olanna] INFO  - Entity Olanna deployed in 15
 Characteristics:  type : 
 AgentName: Olanna
 	 Instance of eu.su.mas.dedaleEtu.mas.agents.dummies.explo.ExploreCoopAgent
 	 Initial container: Ithaq_container2
 	 Initial location: null
 	 Entitytype: AgentExplo
 	 TreasureType : None; diamondCapa: -1; goldCapa: -1
 	 comReach: 3
 	 detection radius: 0
 	 Expertise: [<LockPicking, 1>, <Strength, 2>]
 	 UserParameters: [Elsa, Tim, Bob, Josie]
16:37:49.113 [Elsa] INFO  - Entity Elsa deployed in 39
 Characteristics:  type : 
 AgentName: Elsa
 	 Instance of eu.su.mas.dedaleEtu.mas.agents.dummies.explo.ExploreCoopAgent
 	 Initial container: Ithaq_container2
 	 Initial location: null
 	 Entitytype: AgentExplo
 	 TreasureType : None; diamondCapa: -1; goldCapa: -1
 	 comReach: 3
 	 detection radius: 0
 	 Expertise: [<LockPicking, 1>, <Strength, 2>]
 	 UserParameters: [Tim, Bob, Olanna, Josie]
16:37:49.126 [Josie] INFO  - Entity Josie deployed in 13
 Characteristics:  type : 
 AgentName: Josie
 	 Instance of eu.su.mas.dedaleEtu.mas.agents.dummies.explo.ExploreCoopAgent
 	 Initial container: Ithaq_container2
 	 Initial location: null
 	 Entitytype: AgentExplo
 	 TreasureType : None; diamondCapa: -1; goldCapa: -1
 	 comReach: 3
 	 detection radius: 0
 	 Expertise: [<LockPicking, 1>, <Strength, 2>]
 	 UserParameters: [Elsa, Tim, Bob, Olanna]
16:37:49.131 [Bob] INFO  - Entity Bob deployed in 19
 Characteristics:  type : 
 AgentName: Bob
 	 Instance of eu.su.mas.dedaleEtu.mas.agents.dummies.explo.ExploreCoopAgent
 	 Initial container: Ithaq_container2
 	 Initial location: null
 	 Entitytype: AgentExplo
 	 TreasureType : None; diamondCapa: -1; goldCapa: -1
 	 comReach: 3
 	 detection radius: 0
 	 Expertise: [<LockPicking, 1>, <Strength, 2>]
 	 UserParameters: [Elsa, Tim, Olanna, Josie]
16:37:49.136 [Golem] INFO  - Entity Golem deployed in 37
 Characteristics:  type : 
 AgentName: Golem
 	 Instance of eu.su.mas.dedaleEtu.mas.agents.dummies.DummyMovingAgent
 	 Initial container: Ithaq_container2
 	 Initial location: null
 	 Entitytype: Wumpus
 	 TreasureType : None; diamondCapa: -1; goldCapa: -1
 	 comReach: 3
 	 detection radius: 1
 	 Expertise: [<LockPicking, 1>, <Strength, 2>]
 	 UserParameters: [paramTest]
16:45:54.938 [GK] INFO  - Loading configuration for environment MultiTypesV2
16:45:54.940 [GK] INFO  - Generator type:MANUAL
16:45:57.217 [Josie] INFO  - Entity Josie deployed in 9
 Characteristics:  type : 
 AgentName: Josie
 	 Instance of eu.su.mas.dedaleEtu.mas.agents.dummies.explo.ExploreCoopAgent
 	 Initial container: Ithaq_container2
 	 Initial location: null
 	 Entitytype: AgentExplo
 	 TreasureType : None; diamondCapa: -1; goldCapa: -1
 	 comReach: 3
 	 detection radius: 0
 	 Expertise: [<LockPicking, 1>, <Strength, 2>]
 	 UserParameters: [Elsa, Tim, Bob, Olanna]
16:45:57.225 [Tim] INFO  - Entity Tim deployed in 35
 Characteristics:  type : 
 AgentName: Tim
 	 Instance of eu.su.mas.dedaleEtu.mas.agents.dummies.explo.ExploreCoopAgent
 	 Initial container: Ithaq_container2
 	 Initial location: null
 	 Entitytype: AgentExplo
 	 TreasureType : None; diamondCapa: -1; goldCapa: -1
 	 comReach: 3
 	 detection radius: 0
 	 Expertise: [<LockPicking, 1>, <Strength, 2>]
 	 UserParameters: [Elsa, Bob, Olanna, Josie]
16:45:57.229 [Golem] INFO  - Entity Golem deployed in 14
 Characteristics:  type : 
 AgentName: Golem
 	 Instance of eu.su.mas.dedaleEtu.mas.agents.dummies.DummyMovingAgent
 	 Initial container: Ithaq_container2
 	 Initial location: null
 	 Entitytype: Wumpus
 	 TreasureType : None; diamondCapa: -1; goldCapa: -1
 	 comReach: 3
 	 detection radius: 1
 	 Expertise: [<LockPicking, 1>, <Strength, 2>]
 	 UserParameters: [paramTest]
16:45:57.255 [Olanna] INFO  - Entity Olanna deployed in 12
 Characteristics:  type : 
 AgentName: Olanna
 	 Instance of eu.su.mas.dedaleEtu.mas.agents.dummies.explo.ExploreCoopAgent
 	 Initial container: Ithaq_container2
 	 Initial location: null
 	 Entitytype: AgentExplo
 	 TreasureType : None; diamondCapa: -1; goldCapa: -1
 	 comReach: 3
 	 detection radius: 0
 	 Expertise: [<LockPicking, 1>, <Strength, 2>]
 	 UserParameters: [Elsa, Tim, Bob, Josie]
16:45:57.265 [Elsa] INFO  - Entity Elsa deployed in 3
 Characteristics:  type : 
 AgentName: Elsa
 	 Instance of eu.su.mas.dedaleEtu.mas.agents.dummies.explo.ExploreCoopAgent
 	 Initial container: Ithaq_container2
 	 Initial location: null
 	 Entitytype: AgentExplo
 	 TreasureType : None; diamondCapa: -1; goldCapa: -1
 	 comReach: 3
 	 detection radius: 0
 	 Expertise: [<LockPicking, 1>, <Strength, 2>]
 	 UserParameters: [Tim, Bob, Olanna, Josie]
16:45:57.273 [Bob] INFO  - Entity Bob deployed in 29
 Characteristics:  type : 
 AgentName: Bob
 	 Instance of eu.su.mas.dedaleEtu.mas.agents.dummies.explo.ExploreCoopAgent
 	 Initial container: Ithaq_container2
 	 Initial location: null
 	 Entitytype: AgentExplo
 	 TreasureType : None; diamondCapa: -1; goldCapa: -1
 	 comReach: 3
 	 detection radius: 0
 	 Expertise: [<LockPicking, 1>, <Strength, 2>]
 	 UserParameters: [Elsa, Tim, Olanna, Josie]
21:32:46.812 [GK] INFO  - Loading configuration for environment MultiTypesV2
21:32:46.813 [GK] INFO  - Generator type:MANUAL
21:32:48.843 [Josie] INFO  - Entity Josie deployed in 40
 Characteristics:  type : 
 AgentName: Josie
 	 Instance of eu.su.mas.dedaleEtu.mas.agents.dummies.explo.ExploreCoopAgent
 	 Initial container: Ithaq_container2
 	 Initial location: null
 	 Entitytype: AgentExplo
 	 TreasureType : None; diamondCapa: -1; goldCapa: -1
 	 comReach: 3
 	 detection radius: 0
 	 Expertise: [<LockPicking, 1>, <Strength, 2>]
 	 UserParameters: [Elsa, Tim, Bob, Olanna]
21:32:48.850 [Bob] INFO  - Entity Bob deployed in 16
 Characteristics:  type : 
 AgentName: Bob
 	 Instance of eu.su.mas.dedaleEtu.mas.agents.dummies.explo.ExploreCoopAgent
 	 Initial container: Ithaq_container2
 	 Initial location: null
 	 Entitytype: AgentExplo
 	 TreasureType : None; diamondCapa: -1; goldCapa: -1
 	 comReach: 3
 	 detection radius: 0
 	 Expertise: [<LockPicking, 1>, <Strength, 2>]
 	 UserParameters: [Elsa, Tim, Olanna, Josie]
21:32:48.853 [Elsa] INFO  - Entity Elsa deployed in 7
 Characteristics:  type : 
 AgentName: Elsa
 	 Instance of eu.su.mas.dedaleEtu.mas.agents.dummies.explo.ExploreCoopAgent
 	 Initial container: Ithaq_container2
 	 Initial location: null
 	 Entitytype: AgentExplo
 	 TreasureType : None; diamondCapa: -1; goldCapa: -1
 	 comReach: 3
 	 detection radius: 0
 	 Expertise: [<LockPicking, 1>, <Strength, 2>]
 	 UserParameters: [Tim, Bob, Olanna, Josie]
21:32:48.863 [Golem] INFO  - Entity Golem deployed in 18
 Characteristics:  type : 
 AgentName: Golem
 	 Instance of eu.su.mas.dedaleEtu.mas.agents.dummies.DummyMovingAgent
 	 Initial container: Ithaq_container2
 	 Initial location: null
 	 Entitytype: Wumpus
 	 TreasureType : None; diamondCapa: -1; goldCapa: -1
 	 comReach: 3
 	 detection radius: 1
 	 Expertise: [<LockPicking, 1>, <Strength, 2>]
 	 UserParameters: [paramTest]
21:32:48.910 [Olanna] INFO  - Entity Olanna deployed in 6
 Characteristics:  type : 
 AgentName: Olanna
 	 Instance of eu.su.mas.dedaleEtu.mas.agents.dummies.explo.ExploreCoopAgent
 	 Initial container: Ithaq_container2
 	 Initial location: null
 	 Entitytype: AgentExplo
 	 TreasureType : None; diamondCapa: -1; goldCapa: -1
 	 comReach: 3
 	 detection radius: 0
 	 Expertise: [<LockPicking, 1>, <Strength, 2>]
 	 UserParameters: [Elsa, Tim, Bob, Josie]
21:32:48.913 [Tim] INFO  - Entity Tim deployed in 21
 Characteristics:  type : 
 AgentName: Tim
 	 Instance of eu.su.mas.dedaleEtu.mas.agents.dummies.explo.ExploreCoopAgent
 	 Initial container: Ithaq_container2
 	 Initial location: null
 	 Entitytype: AgentExplo
 	 TreasureType : None; diamondCapa: -1; goldCapa: -1
 	 comReach: 3
 	 detection radius: 0
 	 Expertise: [<LockPicking, 1>, <Strength, 2>]
 	 UserParameters: [Elsa, Bob, Olanna, Josie]
21:34:51.027 [GK] INFO  - Loading configuration for environment MultiTypesV2
21:34:51.027 [GK] INFO  - Generator type:MANUAL
21:34:53.128 [Bob] INFO  - Entity Bob deployed in 12
 Characteristics:  type : 
 AgentName: Bob
 	 Instance of eu.su.mas.dedaleEtu.mas.agents.dummies.explo.ExploreCoopAgent
 	 Initial container: Ithaq_container2
 	 Initial location: null
 	 Entitytype: AgentExplo
 	 TreasureType : None; diamondCapa: -1; goldCapa: -1
 	 comReach: 3
 	 detection radius: 0
 	 Expertise: [<LockPicking, 1>, <Strength, 2>]
 	 UserParameters: [Elsa, Tim, Olanna, Josie]
21:34:53.136 [Tim] INFO  - Entity Tim deployed in 22
 Characteristics:  type : 
 AgentName: Tim
 	 Instance of eu.su.mas.dedaleEtu.mas.agents.dummies.explo.ExploreCoopAgent
 	 Initial container: Ithaq_container2
 	 Initial location: null
 	 Entitytype: AgentExplo
 	 TreasureType : None; diamondCapa: -1; goldCapa: -1
 	 comReach: 3
 	 detection radius: 0
 	 Expertise: [<LockPicking, 1>, <Strength, 2>]
 	 UserParameters: [Elsa, Bob, Olanna, Josie]
21:34:53.139 [Golem] INFO  - Entity Golem deployed in 35
 Characteristics:  type : 
 AgentName: Golem
 	 Instance of eu.su.mas.dedaleEtu.mas.agents.dummies.DummyMovingAgent
 	 Initial container: Ithaq_container2
 	 Initial location: null
 	 Entitytype: Wumpus
 	 TreasureType : None; diamondCapa: -1; goldCapa: -1
 	 comReach: 3
 	 detection radius: 1
 	 Expertise: [<LockPicking, 1>, <Strength, 2>]
 	 UserParameters: [paramTest]
21:34:53.191 [Josie] INFO  - Entity Josie deployed in 1
 Characteristics:  type : 
 AgentName: Josie
 	 Instance of eu.su.mas.dedaleEtu.mas.agents.dummies.explo.ExploreCoopAgent
 	 Initial container: Ithaq_container2
 	 Initial location: null
 	 Entitytype: AgentExplo
 	 TreasureType : None; diamondCapa: -1; goldCapa: -1
 	 comReach: 3
 	 detection radius: 0
 	 Expertise: [<LockPicking, 1>, <Strength, 2>]
 	 UserParameters: [Elsa, Tim, Bob, Olanna]
21:34:53.197 [Elsa] INFO  - Entity Elsa deployed in 26
 Characteristics:  type : 
 AgentName: Elsa
 	 Instance of eu.su.mas.dedaleEtu.mas.agents.dummies.explo.ExploreCoopAgent
 	 Initial container: Ithaq_container2
 	 Initial location: null
 	 Entitytype: AgentExplo
 	 TreasureType : None; diamondCapa: -1; goldCapa: -1
 	 comReach: 3
 	 detection radius: 0
 	 Expertise: [<LockPicking, 1>, <Strength, 2>]
 	 UserParameters: [Tim, Bob, Olanna, Josie]
21:34:53.200 [Olanna] INFO  - Entity Olanna deployed in 34
 Characteristics:  type : 
 AgentName: Olanna
 	 Instance of eu.su.mas.dedaleEtu.mas.agents.dummies.explo.ExploreCoopAgent
 	 Initial container: Ithaq_container2
 	 Initial location: null
 	 Entitytype: AgentExplo
 	 TreasureType : None; diamondCapa: -1; goldCapa: -1
 	 comReach: 3
 	 detection radius: 0
 	 Expertise: [<LockPicking, 1>, <Strength, 2>]
 	 UserParameters: [Elsa, Tim, Bob, Josie]
21:40:37.774 [GK] INFO  - Loading configuration for environment MultiTypesV2
21:40:37.775 [GK] INFO  - Generator type:MANUAL
21:40:39.793 [Golem] INFO  - Entity Golem deployed in 18
 Characteristics:  type : 
 AgentName: Golem
 	 Instance of eu.su.mas.dedaleEtu.mas.agents.dummies.DummyMovingAgent
 	 Initial container: Ithaq_container2
 	 Initial location: null
 	 Entitytype: Wumpus
 	 TreasureType : None; diamondCapa: -1; goldCapa: -1
 	 comReach: 3
 	 detection radius: 1
 	 Expertise: [<LockPicking, 1>, <Strength, 2>]
 	 UserParameters: [paramTest]
21:40:39.821 [Josie] INFO  - Entity Josie deployed in 27
 Characteristics:  type : 
 AgentName: Josie
 	 Instance of eu.su.mas.dedaleEtu.mas.agents.dummies.explo.ExploreCoopAgent
 	 Initial container: Ithaq_container2
 	 Initial location: null
 	 Entitytype: AgentExplo
 	 TreasureType : None; diamondCapa: -1; goldCapa: -1
 	 comReach: 3
 	 detection radius: 0
 	 Expertise: [<LockPicking, 1>, <Strength, 2>]
 	 UserParameters: [Elsa, Tim, Bob, Olanna]
21:40:39.827 [Olanna] INFO  - Entity Olanna deployed in 30
 Characteristics:  type : 
 AgentName: Olanna
 	 Instance of eu.su.mas.dedaleEtu.mas.agents.dummies.explo.ExploreCoopAgent
 	 Initial container: Ithaq_container2
 	 Initial location: null
 	 Entitytype: AgentExplo
 	 TreasureType : None; diamondCapa: -1; goldCapa: -1
 	 comReach: 3
 	 detection radius: 0
 	 Expertise: [<LockPicking, 1>, <Strength, 2>]
 	 UserParameters: [Elsa, Tim, Bob, Josie]
21:40:39.835 [Elsa] INFO  - Entity Elsa deployed in 1
 Characteristics:  type : 
 AgentName: Elsa
 	 Instance of eu.su.mas.dedaleEtu.mas.agents.dummies.explo.ExploreCoopAgent
 	 Initial container: Ithaq_container2
 	 Initial location: null
 	 Entitytype: AgentExplo
 	 TreasureType : None; diamondCapa: -1; goldCapa: -1
 	 comReach: 3
 	 detection radius: 0
 	 Expertise: [<LockPicking, 1>, <Strength, 2>]
 	 UserParameters: [Tim, Bob, Olanna, Josie]
21:40:39.842 [Bob] INFO  - Entity Bob deployed in 20
 Characteristics:  type : 
 AgentName: Bob
 	 Instance of eu.su.mas.dedaleEtu.mas.agents.dummies.explo.ExploreCoopAgent
 	 Initial container: Ithaq_container2
 	 Initial location: null
 	 Entitytype: AgentExplo
 	 TreasureType : None; diamondCapa: -1; goldCapa: -1
 	 comReach: 3
 	 detection radius: 0
 	 Expertise: [<LockPicking, 1>, <Strength, 2>]
 	 UserParameters: [Elsa, Tim, Olanna, Josie]
21:40:39.850 [Tim] INFO  - Entity Tim deployed in 38
 Characteristics:  type : 
 AgentName: Tim
 	 Instance of eu.su.mas.dedaleEtu.mas.agents.dummies.explo.ExploreCoopAgent
 	 Initial container: Ithaq_container2
 	 Initial location: null
 	 Entitytype: AgentExplo
 	 TreasureType : None; diamondCapa: -1; goldCapa: -1
 	 comReach: 3
 	 detection radius: 0
 	 Expertise: [<LockPicking, 1>, <Strength, 2>]
 	 UserParameters: [Elsa, Bob, Olanna, Josie]
21:50:43.712 [GK] INFO  - Loading configuration for environment MultiTypesV2
21:50:43.713 [GK] INFO  - Generator type:MANUAL
21:50:45.771 [Golem] INFO  - Entity Golem deployed in 25
 Characteristics:  type : 
 AgentName: Golem
 	 Instance of eu.su.mas.dedaleEtu.mas.agents.dummies.DummyMovingAgent
 	 Initial container: Ithaq_container2
 	 Initial location: null
 	 Entitytype: Wumpus
 	 TreasureType : None; diamondCapa: -1; goldCapa: -1
 	 comReach: 3
 	 detection radius: 1
 	 Expertise: [<LockPicking, 1>, <Strength, 2>]
 	 UserParameters: [paramTest]
21:50:45.797 [Tim] INFO  - Entity Tim deployed in 36
 Characteristics:  type : 
 AgentName: Tim
 	 Instance of eu.su.mas.dedaleEtu.mas.agents.dummies.explo.ExploreCoopAgent
 	 Initial container: Ithaq_container2
 	 Initial location: null
 	 Entitytype: AgentExplo
 	 TreasureType : None; diamondCapa: -1; goldCapa: -1
 	 comReach: 3
 	 detection radius: 0
 	 Expertise: [<LockPicking, 1>, <Strength, 2>]
 	 UserParameters: [Elsa, Bob, Olanna, Josie]
21:50:45.803 [Bob] INFO  - Entity Bob deployed in 7
 Characteristics:  type : 
 AgentName: Bob
 	 Instance of eu.su.mas.dedaleEtu.mas.agents.dummies.explo.ExploreCoopAgent
 	 Initial container: Ithaq_container2
 	 Initial location: null
 	 Entitytype: AgentExplo
 	 TreasureType : None; diamondCapa: -1; goldCapa: -1
 	 comReach: 3
 	 detection radius: 0
 	 Expertise: [<LockPicking, 1>, <Strength, 2>]
 	 UserParameters: [Elsa, Tim, Olanna, Josie]
21:50:45.807 [Josie] INFO  - Entity Josie deployed in 31
 Characteristics:  type : 
 AgentName: Josie
 	 Instance of eu.su.mas.dedaleEtu.mas.agents.dummies.explo.ExploreCoopAgent
 	 Initial container: Ithaq_container2
 	 Initial location: null
 	 Entitytype: AgentExplo
 	 TreasureType : None; diamondCapa: -1; goldCapa: -1
 	 comReach: 3
 	 detection radius: 0
 	 Expertise: [<LockPicking, 1>, <Strength, 2>]
 	 UserParameters: [Elsa, Tim, Bob, Olanna]
21:50:45.808 [Olanna] INFO  - Entity Olanna deployed in 13
 Characteristics:  type : 
 AgentName: Olanna
 	 Instance of eu.su.mas.dedaleEtu.mas.agents.dummies.explo.ExploreCoopAgent
 	 Initial container: Ithaq_container2
 	 Initial location: null
 	 Entitytype: AgentExplo
 	 TreasureType : None; diamondCapa: -1; goldCapa: -1
 	 comReach: 3
 	 detection radius: 0
 	 Expertise: [<LockPicking, 1>, <Strength, 2>]
 	 UserParameters: [Elsa, Tim, Bob, Josie]
21:50:45.812 [Elsa] INFO  - Entity Elsa deployed in 5
 Characteristics:  type : 
 AgentName: Elsa
 	 Instance of eu.su.mas.dedaleEtu.mas.agents.dummies.explo.ExploreCoopAgent
 	 Initial container: Ithaq_container2
 	 Initial location: null
 	 Entitytype: AgentExplo
 	 TreasureType : None; diamondCapa: -1; goldCapa: -1
 	 comReach: 3
 	 detection radius: 0
 	 Expertise: [<LockPicking, 1>, <Strength, 2>]
 	 UserParameters: [Tim, Bob, Olanna, Josie]
21:53:23.552 [GK] INFO  - Loading configuration for environment MultiTypesV2
21:53:23.554 [GK] INFO  - Generator type:MANUAL
21:53:25.593 [Bob] INFO  - Entity Bob deployed in 20
 Characteristics:  type : 
 AgentName: Bob
 	 Instance of eu.su.mas.dedaleEtu.mas.agents.dummies.explo.ExploreCoopAgent
 	 Initial container: Ithaq_container2
 	 Initial location: null
 	 Entitytype: AgentExplo
 	 TreasureType : None; diamondCapa: -1; goldCapa: -1
 	 comReach: 3
 	 detection radius: 0
 	 Expertise: [<LockPicking, 1>, <Strength, 2>]
 	 UserParameters: [Elsa, Tim, Olanna, Josie]
21:53:25.604 [Josie] INFO  - Entity Josie deployed in 32
 Characteristics:  type : 
 AgentName: Josie
 	 Instance of eu.su.mas.dedaleEtu.mas.agents.dummies.explo.ExploreCoopAgent
 	 Initial container: Ithaq_container2
 	 Initial location: null
 	 Entitytype: AgentExplo
 	 TreasureType : None; diamondCapa: -1; goldCapa: -1
 	 comReach: 3
 	 detection radius: 0
 	 Expertise: [<LockPicking, 1>, <Strength, 2>]
 	 UserParameters: [Elsa, Tim, Bob, Olanna]
21:53:25.611 [Golem] INFO  - Entity Golem deployed in 27
 Characteristics:  type : 
 AgentName: Golem
 	 Instance of eu.su.mas.dedaleEtu.mas.agents.dummies.DummyMovingAgent
 	 Initial container: Ithaq_container2
 	 Initial location: null
 	 Entitytype: Wumpus
 	 TreasureType : None; diamondCapa: -1; goldCapa: -1
 	 comReach: 3
 	 detection radius: 1
 	 Expertise: [<LockPicking, 1>, <Strength, 2>]
 	 UserParameters: [paramTest]
21:53:25.639 [Tim] INFO  - Entity Tim deployed in 15
 Characteristics:  type : 
 AgentName: Tim
 	 Instance of eu.su.mas.dedaleEtu.mas.agents.dummies.explo.ExploreCoopAgent
 	 Initial container: Ithaq_container2
 	 Initial location: null
 	 Entitytype: AgentExplo
 	 TreasureType : None; diamondCapa: -1; goldCapa: -1
 	 comReach: 3
 	 detection radius: 0
 	 Expertise: [<LockPicking, 1>, <Strength, 2>]
 	 UserParameters: [Elsa, Bob, Olanna, Josie]
21:53:25.644 [Olanna] INFO  - Entity Olanna deployed in 39
 Characteristics:  type : 
 AgentName: Olanna
 	 Instance of eu.su.mas.dedaleEtu.mas.agents.dummies.explo.ExploreCoopAgent
 	 Initial container: Ithaq_container2
 	 Initial location: null
 	 Entitytype: AgentExplo
 	 TreasureType : None; diamondCapa: -1; goldCapa: -1
 	 comReach: 3
 	 detection radius: 0
 	 Expertise: [<LockPicking, 1>, <Strength, 2>]
 	 UserParameters: [Elsa, Tim, Bob, Josie]
21:53:25.647 [Elsa] INFO  - Entity Elsa deployed in 1
 Characteristics:  type : 
 AgentName: Elsa
 	 Instance of eu.su.mas.dedaleEtu.mas.agents.dummies.explo.ExploreCoopAgent
 	 Initial container: Ithaq_container2
 	 Initial location: null
 	 Entitytype: AgentExplo
 	 TreasureType : None; diamondCapa: -1; goldCapa: -1
 	 comReach: 3
 	 detection radius: 0
 	 Expertise: [<LockPicking, 1>, <Strength, 2>]
 	 UserParameters: [Tim, Bob, Olanna, Josie]
22:16:50.004 [GK] INFO  - Loading configuration for environment MultiTypesV2
22:16:50.005 [GK] INFO  - Generator type:MANUAL
22:16:52.230 [Tim] INFO  - Entity Tim deployed in 2
 Characteristics:  type : 
 AgentName: Tim
 	 Instance of eu.su.mas.dedaleEtu.mas.agents.dummies.explo.ExploreCoopAgent
 	 Initial container: Ithaq_container2
 	 Initial location: null
 	 Entitytype: AgentExplo
 	 TreasureType : None; diamondCapa: -1; goldCapa: -1
 	 comReach: 3
 	 detection radius: 0
 	 Expertise: [<LockPicking, 1>, <Strength, 2>]
 	 UserParameters: [Elsa, Bob, Olanna, Josie]
22:16:52.243 [Bob] INFO  - Entity Bob deployed in 26
 Characteristics:  type : 
 AgentName: Bob
 	 Instance of eu.su.mas.dedaleEtu.mas.agents.dummies.explo.ExploreCoopAgent
 	 Initial container: Ithaq_container2
 	 Initial location: null
 	 Entitytype: AgentExplo
 	 TreasureType : None; diamondCapa: -1; goldCapa: -1
 	 comReach: 3
 	 detection radius: 0
 	 Expertise: [<LockPicking, 1>, <Strength, 2>]
 	 UserParameters: [Elsa, Tim, Olanna, Josie]
22:16:52.251 [Josie] INFO  - Entity Josie deployed in 6
 Characteristics:  type : 
 AgentName: Josie
 	 Instance of eu.su.mas.dedaleEtu.mas.agents.dummies.explo.ExploreCoopAgent
 	 Initial container: Ithaq_container2
 	 Initial location: null
 	 Entitytype: AgentExplo
 	 TreasureType : None; diamondCapa: -1; goldCapa: -1
 	 comReach: 3
 	 detection radius: 0
 	 Expertise: [<LockPicking, 1>, <Strength, 2>]
 	 UserParameters: [Elsa, Tim, Bob, Olanna]
22:16:52.260 [Olanna] INFO  - Entity Olanna deployed in 24
 Characteristics:  type : 
 AgentName: Olanna
 	 Instance of eu.su.mas.dedaleEtu.mas.agents.dummies.explo.ExploreCoopAgent
 	 Initial container: Ithaq_container2
 	 Initial location: null
 	 Entitytype: AgentExplo
 	 TreasureType : None; diamondCapa: -1; goldCapa: -1
 	 comReach: 3
 	 detection radius: 0
 	 Expertise: [<LockPicking, 1>, <Strength, 2>]
 	 UserParameters: [Elsa, Tim, Bob, Josie]
22:16:52.266 [Golem] INFO  - Entity Golem deployed in 12
 Characteristics:  type : 
 AgentName: Golem
 	 Instance of eu.su.mas.dedaleEtu.mas.agents.dummies.DummyMovingAgent
 	 Initial container: Ithaq_container2
 	 Initial location: null
 	 Entitytype: Wumpus
 	 TreasureType : None; diamondCapa: -1; goldCapa: -1
 	 comReach: 3
 	 detection radius: 1
 	 Expertise: [<LockPicking, 1>, <Strength, 2>]
 	 UserParameters: [paramTest]
22:16:52.289 [Elsa] INFO  - Entity Elsa deployed in 32
 Characteristics:  type : 
 AgentName: Elsa
 	 Instance of eu.su.mas.dedaleEtu.mas.agents.dummies.explo.ExploreCoopAgent
 	 Initial container: Ithaq_container2
 	 Initial location: null
 	 Entitytype: AgentExplo
 	 TreasureType : None; diamondCapa: -1; goldCapa: -1
 	 comReach: 3
 	 detection radius: 0
 	 Expertise: [<LockPicking, 1>, <Strength, 2>]
 	 UserParameters: [Tim, Bob, Olanna, Josie]
22:21:58.923 [GK] INFO  - Loading configuration for environment MultiTypesV2
22:21:58.923 [GK] INFO  - Generator type:MANUAL
22:22:00.969 [Tim] INFO  - Entity Tim deployed in 9
 Characteristics:  type : 
 AgentName: Tim
 	 Instance of eu.su.mas.dedaleEtu.mas.agents.dummies.explo.ExploreCoopAgent
 	 Initial container: Ithaq_container2
 	 Initial location: null
 	 Entitytype: AgentExplo
 	 TreasureType : None; diamondCapa: -1; goldCapa: -1
 	 comReach: 3
 	 detection radius: 0
 	 Expertise: [<LockPicking, 1>, <Strength, 2>]
 	 UserParameters: [Elsa, Bob, Olanna, Josie]
22:22:00.978 [Elsa] INFO  - Entity Elsa deployed in 7
 Characteristics:  type : 
 AgentName: Elsa
 	 Instance of eu.su.mas.dedaleEtu.mas.agents.dummies.explo.ExploreCoopAgent
 	 Initial container: Ithaq_container2
 	 Initial location: null
 	 Entitytype: AgentExplo
 	 TreasureType : None; diamondCapa: -1; goldCapa: -1
 	 comReach: 3
 	 detection radius: 0
 	 Expertise: [<LockPicking, 1>, <Strength, 2>]
 	 UserParameters: [Tim, Bob, Olanna, Josie]
22:22:00.984 [Bob] INFO  - Entity Bob deployed in 39
 Characteristics:  type : 
 AgentName: Bob
 	 Instance of eu.su.mas.dedaleEtu.mas.agents.dummies.explo.ExploreCoopAgent
 	 Initial container: Ithaq_container2
 	 Initial location: null
 	 Entitytype: AgentExplo
 	 TreasureType : None; diamondCapa: -1; goldCapa: -1
 	 comReach: 3
 	 detection radius: 0
 	 Expertise: [<LockPicking, 1>, <Strength, 2>]
 	 UserParameters: [Elsa, Tim, Olanna, Josie]
22:22:00.994 [Golem] INFO  - Entity Golem deployed in 41
 Characteristics:  type : 
 AgentName: Golem
 	 Instance of eu.su.mas.dedaleEtu.mas.agents.dummies.DummyMovingAgent
 	 Initial container: Ithaq_container2
 	 Initial location: null
 	 Entitytype: Wumpus
 	 TreasureType : None; diamondCapa: -1; goldCapa: -1
 	 comReach: 3
 	 detection radius: 1
 	 Expertise: [<LockPicking, 1>, <Strength, 2>]
 	 UserParameters: [paramTest]
22:22:01.015 [Josie] INFO  - Entity Josie deployed in 12
 Characteristics:  type : 
 AgentName: Josie
 	 Instance of eu.su.mas.dedaleEtu.mas.agents.dummies.explo.ExploreCoopAgent
 	 Initial container: Ithaq_container2
 	 Initial location: null
 	 Entitytype: AgentExplo
 	 TreasureType : None; diamondCapa: -1; goldCapa: -1
 	 comReach: 3
 	 detection radius: 0
 	 Expertise: [<LockPicking, 1>, <Strength, 2>]
 	 UserParameters: [Elsa, Tim, Bob, Olanna]
22:22:01.019 [Olanna] INFO  - Entity Olanna deployed in 29
 Characteristics:  type : 
 AgentName: Olanna
 	 Instance of eu.su.mas.dedaleEtu.mas.agents.dummies.explo.ExploreCoopAgent
 	 Initial container: Ithaq_container2
 	 Initial location: null
 	 Entitytype: AgentExplo
 	 TreasureType : None; diamondCapa: -1; goldCapa: -1
 	 comReach: 3
 	 detection radius: 0
 	 Expertise: [<LockPicking, 1>, <Strength, 2>]
 	 UserParameters: [Elsa, Tim, Bob, Josie]
22:24:53.199 [GK] INFO  - Loading configuration for environment MultiTypesV2
22:24:53.200 [GK] INFO  - Generator type:MANUAL
22:24:55.248 [Elsa] INFO  - Entity Elsa deployed in 95
 Characteristics:  type : 
 AgentName: Elsa
 	 Instance of eu.su.mas.dedaleEtu.mas.agents.dummies.explo.ExploreCoopAgent
 	 Initial container: Ithaq_container2
 	 Initial location: null
 	 Entitytype: AgentExplo
 	 TreasureType : None; diamondCapa: -1; goldCapa: -1
 	 comReach: 3
 	 detection radius: 0
 	 Expertise: [<LockPicking, 1>, <Strength, 2>]
 	 UserParameters: [Tim, Bob, Olanna, Josie]
22:24:55.258 [Olanna] INFO  - Entity Olanna deployed in M39
 Characteristics:  type : 
 AgentName: Olanna
 	 Instance of eu.su.mas.dedaleEtu.mas.agents.dummies.explo.ExploreCoopAgent
 	 Initial container: Ithaq_container2
 	 Initial location: null
 	 Entitytype: AgentExplo
 	 TreasureType : None; diamondCapa: -1; goldCapa: -1
 	 comReach: 3
 	 detection radius: 0
 	 Expertise: [<LockPicking, 1>, <Strength, 2>]
 	 UserParameters: [Elsa, Tim, Bob, Josie]
22:24:55.266 [Tim] INFO  - Entity Tim deployed in 38
 Characteristics:  type : 
 AgentName: Tim
 	 Instance of eu.su.mas.dedaleEtu.mas.agents.dummies.explo.ExploreCoopAgent
 	 Initial container: Ithaq_container2
 	 Initial location: null
 	 Entitytype: AgentExplo
 	 TreasureType : None; diamondCapa: -1; goldCapa: -1
 	 comReach: 3
 	 detection radius: 0
 	 Expertise: [<LockPicking, 1>, <Strength, 2>]
 	 UserParameters: [Elsa, Bob, Olanna, Josie]
22:24:55.272 [Bob] INFO  - Entity Bob deployed in 87
 Characteristics:  type : 
 AgentName: Bob
 	 Instance of eu.su.mas.dedaleEtu.mas.agents.dummies.explo.ExploreCoopAgent
 	 Initial container: Ithaq_container2
 	 Initial location: null
 	 Entitytype: AgentExplo
 	 TreasureType : None; diamondCapa: -1; goldCapa: -1
 	 comReach: 3
 	 detection radius: 0
 	 Expertise: [<LockPicking, 1>, <Strength, 2>]
 	 UserParameters: [Elsa, Tim, Olanna, Josie]
22:24:55.277 [Josie] INFO  - Entity Josie deployed in 82
 Characteristics:  type : 
 AgentName: Josie
 	 Instance of eu.su.mas.dedaleEtu.mas.agents.dummies.explo.ExploreCoopAgent
 	 Initial container: Ithaq_container2
 	 Initial location: null
 	 Entitytype: AgentExplo
 	 TreasureType : None; diamondCapa: -1; goldCapa: -1
 	 comReach: 3
 	 detection radius: 0
 	 Expertise: [<LockPicking, 1>, <Strength, 2>]
 	 UserParameters: [Elsa, Tim, Bob, Olanna]
22:24:55.281 [Golem] INFO  - Entity Golem deployed in 14
 Characteristics:  type : 
 AgentName: Golem
 	 Instance of eu.su.mas.dedaleEtu.mas.agents.dummies.DummyMovingAgent
 	 Initial container: Ithaq_container2
 	 Initial location: null
 	 Entitytype: Wumpus
 	 TreasureType : None; diamondCapa: -1; goldCapa: -1
 	 comReach: 3
 	 detection radius: 1
 	 Expertise: [<LockPicking, 1>, <Strength, 2>]
 	 UserParameters: [paramTest]
23:44:55.299 [GK] INFO  - Loading configuration for environment MultiTypesV2
23:44:55.300 [GK] INFO  - Generator type:MANUAL
23:44:58.265 [Bob] INFO  - Entity Bob deployed in 68
 Characteristics:  type : 
 AgentName: Bob
 	 Instance of eu.su.mas.dedaleEtu.mas.agents.dummies.explo.ExploreCoopAgent
 	 Initial container: Ithaq_container2
 	 Initial location: null
 	 Entitytype: AgentExplo
 	 TreasureType : None; diamondCapa: -1; goldCapa: -1
 	 comReach: 3
 	 detection radius: 0
 	 Expertise: [<LockPicking, 1>, <Strength, 2>]
 	 UserParameters: [Elsa, Tim, Olanna, Josie]
23:44:58.278 [Elsa] INFO  - Entity Elsa deployed in 118
 Characteristics:  type : 
 AgentName: Elsa
 	 Instance of eu.su.mas.dedaleEtu.mas.agents.dummies.explo.ExploreCoopAgent
 	 Initial container: Ithaq_container2
 	 Initial location: null
 	 Entitytype: AgentExplo
 	 TreasureType : None; diamondCapa: -1; goldCapa: -1
 	 comReach: 3
 	 detection radius: 0
 	 Expertise: [<LockPicking, 1>, <Strength, 2>]
 	 UserParameters: [Tim, Bob, Olanna, Josie]
23:44:58.285 [Josie] INFO  - Entity Josie deployed in 22
 Characteristics:  type : 
 AgentName: Josie
 	 Instance of eu.su.mas.dedaleEtu.mas.agents.dummies.explo.ExploreCoopAgent
 	 Initial container: Ithaq_container2
 	 Initial location: null
 	 Entitytype: AgentExplo
 	 TreasureType : None; diamondCapa: -1; goldCapa: -1
 	 comReach: 3
 	 detection radius: 0
 	 Expertise: [<LockPicking, 1>, <Strength, 2>]
 	 UserParameters: [Elsa, Tim, Bob, Olanna]
23:44:58.293 [Olanna] INFO  - Entity Olanna deployed in 5
 Characteristics:  type : 
 AgentName: Olanna
 	 Instance of eu.su.mas.dedaleEtu.mas.agents.dummies.explo.ExploreCoopAgent
 	 Initial container: Ithaq_container2
 	 Initial location: null
 	 Entitytype: AgentExplo
 	 TreasureType : None; diamondCapa: -1; goldCapa: -1
 	 comReach: 3
 	 detection radius: 0
 	 Expertise: [<LockPicking, 1>, <Strength, 2>]
 	 UserParameters: [Elsa, Tim, Bob, Josie]
23:44:58.296 [Golem] INFO  - Entity Golem deployed in 19
 Characteristics:  type : 
 AgentName: Golem
 	 Instance of eu.su.mas.dedaleEtu.mas.agents.dummies.DummyMovingAgent
 	 Initial container: Ithaq_container2
 	 Initial location: null
 	 Entitytype: Wumpus
 	 TreasureType : None; diamondCapa: -1; goldCapa: -1
 	 comReach: 3
 	 detection radius: 1
 	 Expertise: [<LockPicking, 1>, <Strength, 2>]
 	 UserParameters: [paramTest]
23:44:58.323 [Tim] INFO  - Entity Tim deployed in 81
 Characteristics:  type : 
 AgentName: Tim
 	 Instance of eu.su.mas.dedaleEtu.mas.agents.dummies.explo.ExploreCoopAgent
 	 Initial container: Ithaq_container2
 	 Initial location: null
 	 Entitytype: AgentExplo
 	 TreasureType : None; diamondCapa: -1; goldCapa: -1
 	 comReach: 3
 	 detection radius: 0
 	 Expertise: [<LockPicking, 1>, <Strength, 2>]
 	 UserParameters: [Elsa, Bob, Olanna, Josie]
23:52:04.655 [GK] INFO  - Loading configuration for environment MultiTypesV2
23:52:04.656 [GK] INFO  - Generator type:MANUAL
23:52:07.966 [Elsa] INFO  - Entity Elsa deployed in 17
 Characteristics:  type : 
 AgentName: Elsa
 	 Instance of eu.su.mas.dedaleEtu.mas.agents.dummies.explo.ExploreCoopAgent
 	 Initial container: Ithaq_container2
 	 Initial location: null
 	 Entitytype: AgentExplo
 	 TreasureType : None; diamondCapa: -1; goldCapa: -1
 	 comReach: 3
 	 detection radius: 0
 	 Expertise: [<LockPicking, 1>, <Strength, 2>]
 	 UserParameters: [Tim, Bob, Olanna, Josie]
23:52:07.976 [Josie] INFO  - Entity Josie deployed in 44
 Characteristics:  type : 
 AgentName: Josie
 	 Instance of eu.su.mas.dedaleEtu.mas.agents.dummies.explo.ExploreCoopAgent
 	 Initial container: Ithaq_container2
 	 Initial location: null
 	 Entitytype: AgentExplo
 	 TreasureType : None; diamondCapa: -1; goldCapa: -1
 	 comReach: 3
 	 detection radius: 0
 	 Expertise: [<LockPicking, 1>, <Strength, 2>]
 	 UserParameters: [Elsa, Tim, Bob, Olanna]
23:52:07.999 [Tim] INFO  - Entity Tim deployed in 21
 Characteristics:  type : 
 AgentName: Tim
 	 Instance of eu.su.mas.dedaleEtu.mas.agents.dummies.explo.ExploreCoopAgent
 	 Initial container: Ithaq_container2
 	 Initial location: null
 	 Entitytype: AgentExplo
 	 TreasureType : None; diamondCapa: -1; goldCapa: -1
 	 comReach: 3
 	 detection radius: 0
 	 Expertise: [<LockPicking, 1>, <Strength, 2>]
 	 UserParameters: [Elsa, Bob, Olanna, Josie]
23:52:08.006 [Bob] INFO  - Entity Bob deployed in 16
 Characteristics:  type : 
 AgentName: Bob
 	 Instance of eu.su.mas.dedaleEtu.mas.agents.dummies.explo.ExploreCoopAgent
 	 Initial container: Ithaq_container2
 	 Initial location: null
 	 Entitytype: AgentExplo
 	 TreasureType : None; diamondCapa: -1; goldCapa: -1
 	 comReach: 3
 	 detection radius: 0
 	 Expertise: [<LockPicking, 1>, <Strength, 2>]
 	 UserParameters: [Elsa, Tim, Olanna, Josie]
23:52:08.012 [Golem] INFO  - Entity Golem deployed in 114
 Characteristics:  type : 
 AgentName: Golem
 	 Instance of eu.su.mas.dedaleEtu.mas.agents.dummies.DummyMovingAgent
 	 Initial container: Ithaq_container2
 	 Initial location: null
 	 Entitytype: Wumpus
 	 TreasureType : None; diamondCapa: -1; goldCapa: -1
 	 comReach: 3
 	 detection radius: 1
 	 Expertise: [<LockPicking, 1>, <Strength, 2>]
 	 UserParameters: [paramTest]
23:52:08.040 [Olanna] INFO  - Entity Olanna deployed in 89
 Characteristics:  type : 
 AgentName: Olanna
 	 Instance of eu.su.mas.dedaleEtu.mas.agents.dummies.explo.ExploreCoopAgent
 	 Initial container: Ithaq_container2
 	 Initial location: null
 	 Entitytype: AgentExplo
 	 TreasureType : None; diamondCapa: -1; goldCapa: -1
 	 comReach: 3
 	 detection radius: 0
 	 Expertise: [<LockPicking, 1>, <Strength, 2>]
 	 UserParameters: [Elsa, Tim, Bob, Josie]
23:54:33.791 [Tim] ERROR - Tim - moveTo : target [null] is not reachable from current position [35]
00:08:39.833 [GK] INFO  - Loading configuration for environment MultiTypesV2
00:08:39.834 [GK] INFO  - Generator type:MANUAL
00:08:41.851 [Elsa] INFO  - Entity Elsa deployed in 122
 Characteristics:  type : 
 AgentName: Elsa
 	 Instance of eu.su.mas.dedaleEtu.mas.agents.dummies.explo.ExploreCoopAgent
 	 Initial container: Ithaq_container2
 	 Initial location: null
 	 Entitytype: AgentExplo
 	 TreasureType : None; diamondCapa: -1; goldCapa: -1
 	 comReach: 3
 	 detection radius: 0
 	 Expertise: [<LockPicking, 1>, <Strength, 2>]
 	 UserParameters: [Tim, Bob, Olanna, Josie]
00:08:41.865 [Josie] INFO  - Entity Josie deployed in 0
 Characteristics:  type : 
 AgentName: Josie
 	 Instance of eu.su.mas.dedaleEtu.mas.agents.dummies.explo.ExploreCoopAgent
 	 Initial container: Ithaq_container2
 	 Initial location: null
 	 Entitytype: AgentExplo
 	 TreasureType : None; diamondCapa: -1; goldCapa: -1
 	 comReach: 3
 	 detection radius: 0
 	 Expertise: [<LockPicking, 1>, <Strength, 2>]
 	 UserParameters: [Elsa, Tim, Bob, Olanna]
00:08:41.873 [Olanna] INFO  - Entity Olanna deployed in 20
 Characteristics:  type : 
 AgentName: Olanna
 	 Instance of eu.su.mas.dedaleEtu.mas.agents.dummies.explo.ExploreCoopAgent
 	 Initial container: Ithaq_container2
 	 Initial location: null
 	 Entitytype: AgentExplo
 	 TreasureType : None; diamondCapa: -1; goldCapa: -1
 	 comReach: 3
 	 detection radius: 0
 	 Expertise: [<LockPicking, 1>, <Strength, 2>]
 	 UserParameters: [Elsa, Tim, Bob, Josie]
00:08:41.880 [Tim] INFO  - Entity Tim deployed in 4
 Characteristics:  type : 
 AgentName: Tim
 	 Instance of eu.su.mas.dedaleEtu.mas.agents.dummies.explo.ExploreCoopAgent
 	 Initial container: Ithaq_container2
 	 Initial location: null
 	 Entitytype: AgentExplo
 	 TreasureType : None; diamondCapa: -1; goldCapa: -1
 	 comReach: 3
 	 detection radius: 0
 	 Expertise: [<LockPicking, 1>, <Strength, 2>]
 	 UserParameters: [Elsa, Bob, Olanna, Josie]
00:08:41.910 [Golem] INFO  - Entity Golem deployed in 73
 Characteristics:  type : 
 AgentName: Golem
 	 Instance of eu.su.mas.dedaleEtu.mas.agents.dummies.DummyMovingAgent
 	 Initial container: Ithaq_container2
 	 Initial location: null
 	 Entitytype: Wumpus
 	 TreasureType : None; diamondCapa: -1; goldCapa: -1
 	 comReach: 3
 	 detection radius: 1
 	 Expertise: [<LockPicking, 1>, <Strength, 2>]
 	 UserParameters: [paramTest]
00:08:41.935 [Bob] INFO  - Entity Bob deployed in 53
 Characteristics:  type : 
 AgentName: Bob
 	 Instance of eu.su.mas.dedaleEtu.mas.agents.dummies.explo.ExploreCoopAgent
 	 Initial container: Ithaq_container2
 	 Initial location: null
 	 Entitytype: AgentExplo
 	 TreasureType : None; diamondCapa: -1; goldCapa: -1
 	 comReach: 3
 	 detection radius: 0
 	 Expertise: [<LockPicking, 1>, <Strength, 2>]
 	 UserParameters: [Elsa, Tim, Olanna, Josie]
00:10:11.162 [Elsa] ERROR - Elsa - moveTo : target [null] is not reachable from current position [26]
00:10:12.195 [Elsa] ERROR - Elsa - moveTo : target [null] is not reachable from current position [26]
00:10:13.220 [Elsa] ERROR - Elsa - moveTo : target [null] is not reachable from current position [26]
00:10:14.236 [Elsa] ERROR - Elsa - moveTo : target [null] is not reachable from current position [26]
00:10:15.273 [Elsa] ERROR - Elsa - moveTo : target [null] is not reachable from current position [26]
17:44:08.559 [Tim] ERROR - Tim - moveTo : target [null] is not reachable from current position [M29]
17:44:10.575 [Tim] ERROR - Tim - moveTo : target [null] is not reachable from current position [M29]
17:46:24.906 [Olanna] ERROR - Olanna - moveTo : target [null] is not reachable from current position [M16]
17:46:26.919 [Olanna] ERROR - Olanna - moveTo : target [null] is not reachable from current position [M16]
17:46:28.941 [Olanna] ERROR - Olanna - moveTo : target [null] is not reachable from current position [M16]
17:46:30.952 [Olanna] ERROR - Olanna - moveTo : target [null] is not reachable from current position [M16]
17:47:11.266 [Olanna] ERROR - Olanna - moveTo : target [null] is not reachable from current position [M16]
17:47:13.287 [Olanna] ERROR - Olanna - moveTo : target [null] is not reachable from current position [M16]
17:47:15.315 [Olanna] ERROR - Olanna - moveTo : target [null] is not reachable from current position [M16]
17:47:17.347 [Olanna] ERROR - Olanna - moveTo : target [null] is not reachable from current position [M16]
17:47:19.378 [Olanna] ERROR - Olanna - moveTo : target [null] is not reachable from current position [M16]
17:47:21.410 [Olanna] ERROR - Olanna - moveTo : target [null] is not reachable from current position [M16]
17:47:23.431 [Olanna] ERROR - Olanna - moveTo : target [null] is not reachable from current position [M16]
17:47:25.450 [Olanna] ERROR - Olanna - moveTo : target [null] is not reachable from current position [M16]
17:47:27.486 [Olanna] ERROR - Olanna - moveTo : target [null] is not reachable from current position [M16]
17:47:29.499 [Olanna] ERROR - Olanna - moveTo : target [null] is not reachable from current position [M16]
17:47:31.520 [Olanna] ERROR - Olanna - moveTo : target [null] is not reachable from current position [M16]
17:47:33.541 [Olanna] ERROR - Olanna - moveTo : target [null] is not reachable from current position [M16]
17:47:35.563 [Olanna] ERROR - Olanna - moveTo : target [null] is not reachable from current position [M16]
17:47:37.594 [Olanna] ERROR - Olanna - moveTo : target [null] is not reachable from current position [M16]
17:47:39.614 [Olanna] ERROR - Olanna - moveTo : target [null] is not reachable from current position [M16]
17:47:41.624 [Olanna] ERROR - Olanna - moveTo : target [null] is not reachable from current position [M16]
17:47:43.643 [Olanna] ERROR - Olanna - moveTo : target [null] is not reachable from current position [M16]
17:47:45.668 [Olanna] ERROR - Olanna - moveTo : target [null] is not reachable from current position [M16]
17:47:47.694 [Olanna] ERROR - Olanna - moveTo : target [null] is not reachable from current position [M16]
17:47:49.717 [Olanna] ERROR - Olanna - moveTo : target [null] is not reachable from current position [M16]
17:47:51.740 [Olanna] ERROR - Olanna - moveTo : target [null] is not reachable from current position [M16]
17:47:53.763 [Olanna] ERROR - Olanna - moveTo : target [null] is not reachable from current position [M16]
17:47:55.789 [Olanna] ERROR - Olanna - moveTo : target [null] is not reachable from current position [M16]
17:47:57.807 [Olanna] ERROR - Olanna - moveTo : target [null] is not reachable from current position [M16]
17:47:59.831 [Olanna] ERROR - Olanna - moveTo : target [null] is not reachable from current position [M16]
17:48:01.848 [Olanna] ERROR - Olanna - moveTo : target [null] is not reachable from current position [M16]
17:48:03.863 [Olanna] ERROR - Olanna - moveTo : target [null] is not reachable from current position [M16]
17:48:05.883 [Olanna] ERROR - Olanna - moveTo : target [null] is not reachable from current position [M16]
17:48:07.902 [Olanna] ERROR - Olanna - moveTo : target [null] is not reachable from current position [M16]
17:48:09.921 [Olanna] ERROR - Olanna - moveTo : target [null] is not reachable from current position [M16]
17:48:11.932 [Olanna] ERROR - Olanna - moveTo : target [null] is not reachable from current position [M16]
17:48:13.957 [Olanna] ERROR - Olanna - moveTo : target [null] is not reachable from current position [M16]
17:48:15.973 [Olanna] ERROR - Olanna - moveTo : target [null] is not reachable from current position [M16]
17:48:18.003 [Olanna] ERROR - Olanna - moveTo : target [null] is not reachable from current position [M16]
17:48:20.018 [Olanna] ERROR - Olanna - moveTo : target [null] is not reachable from current position [M16]
17:48:22.021 [Olanna] ERROR - Olanna - moveTo : target [null] is not reachable from current position [M16]
17:48:24.042 [Olanna] ERROR - Olanna - moveTo : target [null] is not reachable from current position [M16]
17:48:26.050 [Olanna] ERROR - Olanna - moveTo : target [null] is not reachable from current position [M16]
17:48:28.068 [Olanna] ERROR - Olanna - moveTo : target [null] is not reachable from current position [M16]
17:48:30.089 [Olanna] ERROR - Olanna - moveTo : target [null] is not reachable from current position [M16]
17:48:32.134 [Olanna] ERROR - Olanna - moveTo : target [null] is not reachable from current position [M16]
17:48:34.158 [Olanna] ERROR - Olanna - moveTo : target [null] is not reachable from current position [M16]
17:48:36.163 [Olanna] ERROR - Olanna - moveTo : target [null] is not reachable from current position [M16]
17:48:38.167 [Olanna] ERROR - Olanna - moveTo : target [null] is not reachable from current position [M16]
17:48:40.191 [Olanna] ERROR - Olanna - moveTo : target [null] is not reachable from current position [M16]
17:49:19.652 [Olanna] ERROR - Olanna - moveTo : target [null] is not reachable from current position [M16]
17:52:54.691 [GK] INFO  - Loading configuration for environment MultiTypesV2
17:52:54.692 [GK] INFO  - Generator type:MANUAL
17:52:56.643 [Tim] INFO  - Entity Tim deployed in 75
 Characteristics:  type : 
 AgentName: Tim
 	 Instance of eu.su.mas.dedaleEtu.mas.agents.dummies.explo.ExploreCoopAgent
 	 Initial container: Ithaq_container2
 	 Initial location: null
 	 Entitytype: AgentExplo
 	 TreasureType : None; diamondCapa: -1; goldCapa: -1
 	 comReach: 3
 	 detection radius: 0
 	 Expertise: [<LockPicking, 1>, <Strength, 2>]
 	 UserParameters: [Elsa, Bob, Olanna, Josie]
17:52:56.656 [Bob] INFO  - Entity Bob deployed in 108
 Characteristics:  type : 
 AgentName: Bob
 	 Instance of eu.su.mas.dedaleEtu.mas.agents.dummies.explo.ExploreCoopAgent
 	 Initial container: Ithaq_container2
 	 Initial location: null
 	 Entitytype: AgentExplo
 	 TreasureType : None; diamondCapa: -1; goldCapa: -1
 	 comReach: 3
 	 detection radius: 0
 	 Expertise: [<LockPicking, 1>, <Strength, 2>]
 	 UserParameters: [Elsa, Tim, Olanna, Josie]
17:52:56.663 [Golem] INFO  - Entity Golem deployed in M39
 Characteristics:  type : 
 AgentName: Golem
 	 Instance of eu.su.mas.dedaleEtu.mas.agents.dummies.DummyMovingAgent
 	 Initial container: Ithaq_container2
 	 Initial location: null
 	 Entitytype: Wumpus
 	 TreasureType : None; diamondCapa: -1; goldCapa: -1
 	 comReach: 3
 	 detection radius: 1
 	 Expertise: [<LockPicking, 1>, <Strength, 2>]
 	 UserParameters: [paramTest]
17:52:56.686 [Josie] INFO  - Entity Josie deployed in 68
 Characteristics:  type : 
 AgentName: Josie
 	 Instance of eu.su.mas.dedaleEtu.mas.agents.dummies.explo.ExploreCoopAgent
 	 Initial container: Ithaq_container2
 	 Initial location: null
 	 Entitytype: AgentExplo
 	 TreasureType : None; diamondCapa: -1; goldCapa: -1
 	 comReach: 3
 	 detection radius: 0
 	 Expertise: [<LockPicking, 1>, <Strength, 2>]
 	 UserParameters: [Elsa, Tim, Bob, Olanna]
17:52:56.690 [Elsa] INFO  - Entity Elsa deployed in 50
 Characteristics:  type : 
 AgentName: Elsa
 	 Instance of eu.su.mas.dedaleEtu.mas.agents.dummies.explo.ExploreCoopAgent
 	 Initial container: Ithaq_container2
 	 Initial location: null
 	 Entitytype: AgentExplo
 	 TreasureType : None; diamondCapa: -1; goldCapa: -1
 	 comReach: 3
 	 detection radius: 0
 	 Expertise: [<LockPicking, 1>, <Strength, 2>]
 	 UserParameters: [Tim, Bob, Olanna, Josie]
17:52:56.692 [Olanna] INFO  - Entity Olanna deployed in 4
 Characteristics:  type : 
 AgentName: Olanna
 	 Instance of eu.su.mas.dedaleEtu.mas.agents.dummies.explo.ExploreCoopAgent
 	 Initial container: Ithaq_container2
 	 Initial location: null
 	 Entitytype: AgentExplo
 	 TreasureType : None; diamondCapa: -1; goldCapa: -1
 	 comReach: 3
 	 detection radius: 0
 	 Expertise: [<LockPicking, 1>, <Strength, 2>]
 	 UserParameters: [Elsa, Tim, Bob, Josie]
17:54:30.668 [Bob] ERROR - Bob - moveTo : target [null] is not reachable from current position [M40]
17:54:49.795 [Elsa] ERROR - Elsa - moveTo : target [null] is not reachable from current position [M31]
17:54:55.840 [Elsa] ERROR - Elsa - moveTo : target [null] is not reachable from current position [M31]
17:54:57.844 [Bob] ERROR - Bob - moveTo : target [null] is not reachable from current position [M29]
17:54:57.849 [Elsa] ERROR - Elsa - moveTo : target [null] is not reachable from current position [M31]
17:54:59.851 [Bob] ERROR - Bob - moveTo : target [null] is not reachable from current position [M29]
17:54:59.855 [Elsa] ERROR - Elsa - moveTo : target [null] is not reachable from current position [M31]
17:55:01.854 [Bob] ERROR - Bob - moveTo : target [null] is not reachable from current position [M29]
17:55:01.860 [Elsa] ERROR - Elsa - moveTo : target [null] is not reachable from current position [M31]
17:55:03.863 [Bob] ERROR - Bob - moveTo : target [null] is not reachable from current position [M29]
17:55:03.867 [Elsa] ERROR - Elsa - moveTo : target [null] is not reachable from current position [M31]
17:55:05.868 [Bob] ERROR - Bob - moveTo : target [null] is not reachable from current position [M29]
17:55:05.872 [Elsa] ERROR - Elsa - moveTo : target [null] is not reachable from current position [M31]
17:55:07.874 [Bob] ERROR - Bob - moveTo : target [null] is not reachable from current position [M29]
17:55:07.877 [Elsa] ERROR - Elsa - moveTo : target [null] is not reachable from current position [M31]
17:55:09.881 [Bob] ERROR - Bob - moveTo : target [null] is not reachable from current position [M29]
17:55:09.883 [Elsa] ERROR - Elsa - moveTo : target [null] is not reachable from current position [M31]
17:55:09.894 [Tim] ERROR - Tim - moveTo : target [null] is not reachable from current position [M30]
17:55:11.886 [Bob] ERROR - Bob - moveTo : target [null] is not reachable from current position [M29]
17:55:11.889 [Elsa] ERROR - Elsa - moveTo : target [null] is not reachable from current position [M31]
17:55:13.894 [Bob] ERROR - Bob - moveTo : target [null] is not reachable from current position [M29]
17:55:13.897 [Elsa] ERROR - Elsa - moveTo : target [null] is not reachable from current position [M31]
17:55:15.900 [Bob] ERROR - Bob - moveTo : target [null] is not reachable from current position [M29]
17:55:15.910 [Elsa] ERROR - Elsa - moveTo : target [null] is not reachable from current position [M31]
17:55:15.914 [Tim] ERROR - Tim - moveTo : target [null] is not reachable from current position [M30]
17:55:17.910 [Bob] ERROR - Bob - moveTo : target [null] is not reachable from current position [M29]
17:55:17.919 [Elsa] ERROR - Elsa - moveTo : target [null] is not reachable from current position [M31]
17:55:17.924 [Tim] ERROR - Tim - moveTo : target [null] is not reachable from current position [M30]
17:55:19.926 [Elsa] ERROR - Elsa - moveTo : target [null] is not reachable from current position [M31]
17:55:21.934 [Elsa] ERROR - Elsa - moveTo : target [null] is not reachable from current position [M31]
17:59:19.585 [GK] INFO  - Loading configuration for environment MultiTypesV2
17:59:19.587 [GK] INFO  - Generator type:MANUAL
17:59:21.613 [Tim] INFO  - Entity Tim deployed in 117
 Characteristics:  type : 
 AgentName: Tim
 	 Instance of eu.su.mas.dedaleEtu.mas.agents.dummies.explo.ExploreCoopAgent
 	 Initial container: Ithaq_container2
 	 Initial location: null
 	 Entitytype: AgentExplo
 	 TreasureType : None; diamondCapa: -1; goldCapa: -1
 	 comReach: 3
 	 detection radius: 0
 	 Expertise: [<LockPicking, 1>, <Strength, 2>]
 	 UserParameters: [Elsa, Bob, Olanna, Josie]
17:59:21.620 [Olanna] INFO  - Entity Olanna deployed in 61
 Characteristics:  type : 
 AgentName: Olanna
 	 Instance of eu.su.mas.dedaleEtu.mas.agents.dummies.explo.ExploreCoopAgent
 	 Initial container: Ithaq_container2
 	 Initial location: null
 	 Entitytype: AgentExplo
 	 TreasureType : None; diamondCapa: -1; goldCapa: -1
 	 comReach: 3
 	 detection radius: 0
 	 Expertise: [<LockPicking, 1>, <Strength, 2>]
 	 UserParameters: [Elsa, Tim, Bob, Josie]
17:59:21.625 [Josie] INFO  - Entity Josie deployed in 94
 Characteristics:  type : 
 AgentName: Josie
 	 Instance of eu.su.mas.dedaleEtu.mas.agents.dummies.explo.ExploreCoopAgent
 	 Initial container: Ithaq_container2
 	 Initial location: null
 	 Entitytype: AgentExplo
 	 TreasureType : None; diamondCapa: -1; goldCapa: -1
 	 comReach: 3
 	 detection radius: 0
 	 Expertise: [<LockPicking, 1>, <Strength, 2>]
 	 UserParameters: [Elsa, Tim, Bob, Olanna]
17:59:21.630 [Elsa] INFO  - Entity Elsa deployed in 35
 Characteristics:  type : 
 AgentName: Elsa
 	 Instance of eu.su.mas.dedaleEtu.mas.agents.dummies.explo.ExploreCoopAgent
 	 Initial container: Ithaq_container2
 	 Initial location: null
 	 Entitytype: AgentExplo
 	 TreasureType : None; diamondCapa: -1; goldCapa: -1
 	 comReach: 3
 	 detection radius: 0
 	 Expertise: [<LockPicking, 1>, <Strength, 2>]
 	 UserParameters: [Tim, Bob, Olanna, Josie]
17:59:21.643 [Golem] INFO  - Entity Golem deployed in M8
 Characteristics:  type : 
 AgentName: Golem
 	 Instance of eu.su.mas.dedaleEtu.mas.agents.dummies.DummyMovingAgent
 	 Initial container: Ithaq_container2
 	 Initial location: null
 	 Entitytype: Wumpus
 	 TreasureType : None; diamondCapa: -1; goldCapa: -1
 	 comReach: 3
 	 detection radius: 1
 	 Expertise: [<LockPicking, 1>, <Strength, 2>]
 	 UserParameters: [paramTest]
17:59:21.659 [Bob] INFO  - Entity Bob deployed in 76
 Characteristics:  type : 
 AgentName: Bob
 	 Instance of eu.su.mas.dedaleEtu.mas.agents.dummies.explo.ExploreCoopAgent
 	 Initial container: Ithaq_container2
 	 Initial location: null
 	 Entitytype: AgentExplo
 	 TreasureType : None; diamondCapa: -1; goldCapa: -1
 	 comReach: 3
 	 detection radius: 0
 	 Expertise: [<LockPicking, 1>, <Strength, 2>]
 	 UserParameters: [Elsa, Tim, Olanna, Josie]
18:01:03.388 [Olanna] ERROR - Olanna - moveTo : target [null] is not reachable from current position [M40]
18:01:04.367 [Olanna] ERROR - Olanna - moveTo : target [null] is not reachable from current position [M40]
18:01:05.373 [Olanna] ERROR - Olanna - moveTo : target [null] is not reachable from current position [M40]
18:01:59.003 [Bob] ERROR - Bob - moveTo : target [null] is not reachable from current position [M34]
18:02:01.022 [Bob] ERROR - Bob - moveTo : target [null] is not reachable from current position [M34]
18:02:03.032 [Bob] ERROR - Bob - moveTo : target [null] is not reachable from current position [M34]
18:02:14.093 [Bob] ERROR - Bob - moveTo : target [null] is not reachable from current position [M34]
18:02:16.102 [Bob] ERROR - Bob - moveTo : target [null] is not reachable from current position [M34]
18:02:18.109 [Bob] ERROR - Bob - moveTo : target [null] is not reachable from current position [M34]
18:02:26.148 [Bob] ERROR - Bob - moveTo : target [null] is not reachable from current position [M34]
18:02:32.177 [Bob] ERROR - Bob - moveTo : target [null] is not reachable from current position [M9]
18:02:34.186 [Bob] ERROR - Bob - moveTo : target [null] is not reachable from current position [M9]
18:02:36.201 [Bob] ERROR - Bob - moveTo : target [null] is not reachable from current position [M9]
18:02:38.211 [Bob] ERROR - Bob - moveTo : target [null] is not reachable from current position [M9]
18:02:40.223 [Bob] ERROR - Bob - moveTo : target [null] is not reachable from current position [M9]
18:02:42.245 [Bob] ERROR - Bob - moveTo : target [null] is not reachable from current position [M9]
18:06:22.743 [GK] INFO  - Loading configuration for environment MultiTypesV2
18:06:22.745 [GK] INFO  - Generator type:MANUAL
18:06:24.743 [Elsa] INFO  - Entity Elsa deployed in 128
 Characteristics:  type : 
 AgentName: Elsa
 	 Instance of eu.su.mas.dedaleEtu.mas.agents.dummies.explo.ExploreCoopAgent
 	 Initial container: Ithaq_container2
 	 Initial location: null
 	 Entitytype: AgentExplo
 	 TreasureType : None; diamondCapa: -1; goldCapa: -1
 	 comReach: 3
 	 detection radius: 0
 	 Expertise: [<LockPicking, 1>, <Strength, 2>]
 	 UserParameters: [Tim, Bob, Olanna, Josie]
18:06:24.757 [Tim] INFO  - Entity Tim deployed in 47
 Characteristics:  type : 
 AgentName: Tim
 	 Instance of eu.su.mas.dedaleEtu.mas.agents.dummies.explo.ExploreCoopAgent
 	 Initial container: Ithaq_container2
 	 Initial location: null
 	 Entitytype: AgentExplo
 	 TreasureType : None; diamondCapa: -1; goldCapa: -1
 	 comReach: 3
 	 detection radius: 0
 	 Expertise: [<LockPicking, 1>, <Strength, 2>]
 	 UserParameters: [Elsa, Bob, Olanna, Josie]
18:06:24.766 [Josie] INFO  - Entity Josie deployed in 49
 Characteristics:  type : 
 AgentName: Josie
 	 Instance of eu.su.mas.dedaleEtu.mas.agents.dummies.explo.ExploreCoopAgent
 	 Initial container: Ithaq_container2
 	 Initial location: null
 	 Entitytype: AgentExplo
 	 TreasureType : None; diamondCapa: -1; goldCapa: -1
 	 comReach: 3
 	 detection radius: 0
 	 Expertise: [<LockPicking, 1>, <Strength, 2>]
 	 UserParameters: [Elsa, Tim, Bob, Olanna]
18:06:24.778 [Golem] INFO  - Entity Golem deployed in M22
 Characteristics:  type : 
 AgentName: Golem
 	 Instance of eu.su.mas.dedaleEtu.mas.agents.dummies.DummyMovingAgent
 	 Initial container: Ithaq_container2
 	 Initial location: null
 	 Entitytype: Wumpus
 	 TreasureType : None; diamondCapa: -1; goldCapa: -1
 	 comReach: 3
 	 detection radius: 1
 	 Expertise: [<LockPicking, 1>, <Strength, 2>]
 	 UserParameters: [paramTest]
18:06:24.799 [Olanna] INFO  - Entity Olanna deployed in M8
 Characteristics:  type : 
 AgentName: Olanna
 	 Instance of eu.su.mas.dedaleEtu.mas.agents.dummies.explo.ExploreCoopAgent
 	 Initial container: Ithaq_container2
 	 Initial location: null
 	 Entitytype: AgentExplo
 	 TreasureType : None; diamondCapa: -1; goldCapa: -1
 	 comReach: 3
 	 detection radius: 0
 	 Expertise: [<LockPicking, 1>, <Strength, 2>]
 	 UserParameters: [Elsa, Tim, Bob, Josie]
18:06:24.804 [Bob] INFO  - Entity Bob deployed in M6
 Characteristics:  type : 
 AgentName: Bob
 	 Instance of eu.su.mas.dedaleEtu.mas.agents.dummies.explo.ExploreCoopAgent
 	 Initial container: Ithaq_container2
 	 Initial location: null
 	 Entitytype: AgentExplo
 	 TreasureType : None; diamondCapa: -1; goldCapa: -1
 	 comReach: 3
 	 detection radius: 0
 	 Expertise: [<LockPicking, 1>, <Strength, 2>]
 	 UserParameters: [Elsa, Tim, Olanna, Josie]
18:09:08.360 [Tim] ERROR - Tim - moveTo : target [null] is not reachable from current position [93]
18:12:20.706 [GK] INFO  - Loading configuration for environment MultiTypesV2
18:12:20.709 [GK] INFO  - Generator type:MANUAL
18:12:22.721 [Tim] INFO  - Entity Tim deployed in 77
 Characteristics:  type : 
 AgentName: Tim
 	 Instance of eu.su.mas.dedaleEtu.mas.agents.dummies.explo.ExploreCoopAgent
 	 Initial container: Ithaq_container2
 	 Initial location: null
 	 Entitytype: AgentExplo
 	 TreasureType : None; diamondCapa: -1; goldCapa: -1
 	 comReach: 3
 	 detection radius: 0
 	 Expertise: [<LockPicking, 1>, <Strength, 2>]
 	 UserParameters: [Elsa, Bob, Olanna, Josie]
18:12:22.729 [Golem] INFO  - Entity Golem deployed in M28
 Characteristics:  type : 
 AgentName: Golem
 	 Instance of eu.su.mas.dedaleEtu.mas.agents.dummies.DummyMovingAgent
 	 Initial container: Ithaq_container2
 	 Initial location: null
 	 Entitytype: Wumpus
 	 TreasureType : None; diamondCapa: -1; goldCapa: -1
 	 comReach: 3
 	 detection radius: 1
 	 Expertise: [<LockPicking, 1>, <Strength, 2>]
 	 UserParameters: [paramTest]
18:12:22.779 [Bob] INFO  - Entity Bob deployed in 57
 Characteristics:  type : 
 AgentName: Bob
 	 Instance of eu.su.mas.dedaleEtu.mas.agents.dummies.explo.ExploreCoopAgent
 	 Initial container: Ithaq_container2
 	 Initial location: null
 	 Entitytype: AgentExplo
 	 TreasureType : None; diamondCapa: -1; goldCapa: -1
 	 comReach: 3
 	 detection radius: 0
 	 Expertise: [<LockPicking, 1>, <Strength, 2>]
 	 UserParameters: [Elsa, Tim, Olanna, Josie]
18:12:22.786 [Elsa] INFO  - Entity Elsa deployed in 88
 Characteristics:  type : 
 AgentName: Elsa
 	 Instance of eu.su.mas.dedaleEtu.mas.agents.dummies.explo.ExploreCoopAgent
 	 Initial container: Ithaq_container2
 	 Initial location: null
 	 Entitytype: AgentExplo
 	 TreasureType : None; diamondCapa: -1; goldCapa: -1
 	 comReach: 3
 	 detection radius: 0
 	 Expertise: [<LockPicking, 1>, <Strength, 2>]
 	 UserParameters: [Tim, Bob, Olanna, Josie]
18:12:22.791 [Olanna] INFO  - Entity Olanna deployed in 87
 Characteristics:  type : 
 AgentName: Olanna
 	 Instance of eu.su.mas.dedaleEtu.mas.agents.dummies.explo.ExploreCoopAgent
 	 Initial container: Ithaq_container2
 	 Initial location: null
 	 Entitytype: AgentExplo
 	 TreasureType : None; diamondCapa: -1; goldCapa: -1
 	 comReach: 3
 	 detection radius: 0
 	 Expertise: [<LockPicking, 1>, <Strength, 2>]
 	 UserParameters: [Elsa, Tim, Bob, Josie]
18:12:22.797 [Josie] INFO  - Entity Josie deployed in 53
 Characteristics:  type : 
 AgentName: Josie
 	 Instance of eu.su.mas.dedaleEtu.mas.agents.dummies.explo.ExploreCoopAgent
 	 Initial container: Ithaq_container2
 	 Initial location: null
 	 Entitytype: AgentExplo
 	 TreasureType : None; diamondCapa: -1; goldCapa: -1
 	 comReach: 3
 	 detection radius: 0
 	 Expertise: [<LockPicking, 1>, <Strength, 2>]
 	 UserParameters: [Elsa, Tim, Bob, Olanna]
18:17:51.708 [GK] INFO  - Loading configuration for environment MultiTypesV2
18:17:51.711 [GK] INFO  - Generator type:MANUAL
18:17:53.785 [Tim] INFO  - Entity Tim deployed in 35
 Characteristics:  type : 
 AgentName: Tim
 	 Instance of eu.su.mas.dedaleEtu.mas.agents.dummies.explo.ExploreCoopAgent
 	 Initial container: Ithaq_container2
 	 Initial location: null
 	 Entitytype: AgentExplo
 	 TreasureType : None; diamondCapa: -1; goldCapa: -1
 	 comReach: 3
 	 detection radius: 0
 	 Expertise: [<LockPicking, 1>, <Strength, 2>]
 	 UserParameters: [Elsa, Bob, Olanna, Josie]
18:17:53.813 [Josie] INFO  - Entity Josie deployed in 80
 Characteristics:  type : 
 AgentName: Josie
 	 Instance of eu.su.mas.dedaleEtu.mas.agents.dummies.explo.ExploreCoopAgent
 	 Initial container: Ithaq_container2
 	 Initial location: null
 	 Entitytype: AgentExplo
 	 TreasureType : None; diamondCapa: -1; goldCapa: -1
 	 comReach: 3
 	 detection radius: 0
 	 Expertise: [<LockPicking, 1>, <Strength, 2>]
 	 UserParameters: [Elsa, Tim, Bob, Olanna]
18:17:53.825 [Elsa] INFO  - Entity Elsa deployed in 40
 Characteristics:  type : 
 AgentName: Elsa
 	 Instance of eu.su.mas.dedaleEtu.mas.agents.dummies.explo.ExploreCoopAgent
 	 Initial container: Ithaq_container2
 	 Initial location: null
 	 Entitytype: AgentExplo
 	 TreasureType : None; diamondCapa: -1; goldCapa: -1
 	 comReach: 3
 	 detection radius: 0
 	 Expertise: [<LockPicking, 1>, <Strength, 2>]
 	 UserParameters: [Tim, Bob, Olanna, Josie]
18:17:53.834 [Golem] INFO  - Entity Golem deployed in M34
 Characteristics:  type : 
 AgentName: Golem
 	 Instance of eu.su.mas.dedaleEtu.mas.agents.dummies.DummyMovingAgent
 	 Initial container: Ithaq_container2
 	 Initial location: null
 	 Entitytype: Wumpus
 	 TreasureType : None; diamondCapa: -1; goldCapa: -1
 	 comReach: 3
 	 detection radius: 1
 	 Expertise: [<LockPicking, 1>, <Strength, 2>]
 	 UserParameters: [paramTest]
18:17:53.867 [Bob] INFO  - Entity Bob deployed in 43
 Characteristics:  type : 
 AgentName: Bob
 	 Instance of eu.su.mas.dedaleEtu.mas.agents.dummies.explo.ExploreCoopAgent
 	 Initial container: Ithaq_container2
 	 Initial location: null
 	 Entitytype: AgentExplo
 	 TreasureType : None; diamondCapa: -1; goldCapa: -1
 	 comReach: 3
 	 detection radius: 0
 	 Expertise: [<LockPicking, 1>, <Strength, 2>]
 	 UserParameters: [Elsa, Tim, Olanna, Josie]
18:17:53.876 [Olanna] INFO  - Entity Olanna deployed in 33
 Characteristics:  type : 
 AgentName: Olanna
 	 Instance of eu.su.mas.dedaleEtu.mas.agents.dummies.explo.ExploreCoopAgent
 	 Initial container: Ithaq_container2
 	 Initial location: null
 	 Entitytype: AgentExplo
 	 TreasureType : None; diamondCapa: -1; goldCapa: -1
 	 comReach: 3
 	 detection radius: 0
 	 Expertise: [<LockPicking, 1>, <Strength, 2>]
 	 UserParameters: [Elsa, Tim, Bob, Josie]
18:23:01.839 [GK] INFO  - Loading configuration for environment MultiTypesV2
18:23:01.840 [GK] INFO  - Generator type:MANUAL
18:23:03.851 [Josie] INFO  - Entity Josie deployed in 77
 Characteristics:  type : 
 AgentName: Josie
 	 Instance of eu.su.mas.dedaleEtu.mas.agents.dummies.explo.ExploreCoopAgent
 	 Initial container: Ithaq_container2
 	 Initial location: null
 	 Entitytype: AgentExplo
 	 TreasureType : None; diamondCapa: -1; goldCapa: -1
 	 comReach: 3
 	 detection radius: 0
 	 Expertise: [<LockPicking, 1>, <Strength, 2>]
 	 UserParameters: [Elsa, Tim, Bob, Olanna]
18:23:03.860 [Tim] INFO  - Entity Tim deployed in 51
 Characteristics:  type : 
 AgentName: Tim
 	 Instance of eu.su.mas.dedaleEtu.mas.agents.dummies.explo.ExploreCoopAgent
 	 Initial container: Ithaq_container2
 	 Initial location: null
 	 Entitytype: AgentExplo
 	 TreasureType : None; diamondCapa: -1; goldCapa: -1
 	 comReach: 3
 	 detection radius: 0
 	 Expertise: [<LockPicking, 1>, <Strength, 2>]
 	 UserParameters: [Elsa, Bob, Olanna, Josie]
18:23:03.868 [Elsa] INFO  - Entity Elsa deployed in 24
 Characteristics:  type : 
 AgentName: Elsa
 	 Instance of eu.su.mas.dedaleEtu.mas.agents.dummies.explo.ExploreCoopAgent
 	 Initial container: Ithaq_container2
 	 Initial location: null
 	 Entitytype: AgentExplo
 	 TreasureType : None; diamondCapa: -1; goldCapa: -1
 	 comReach: 3
 	 detection radius: 0
 	 Expertise: [<LockPicking, 1>, <Strength, 2>]
 	 UserParameters: [Tim, Bob, Olanna, Josie]
18:23:03.873 [Olanna] INFO  - Entity Olanna deployed in 39
 Characteristics:  type : 
 AgentName: Olanna
 	 Instance of eu.su.mas.dedaleEtu.mas.agents.dummies.explo.ExploreCoopAgent
 	 Initial container: Ithaq_container2
 	 Initial location: null
 	 Entitytype: AgentExplo
 	 TreasureType : None; diamondCapa: -1; goldCapa: -1
 	 comReach: 3
 	 detection radius: 0
 	 Expertise: [<LockPicking, 1>, <Strength, 2>]
 	 UserParameters: [Elsa, Tim, Bob, Josie]
18:23:03.882 [Golem] INFO  - Entity Golem deployed in 128
 Characteristics:  type : 
 AgentName: Golem
 	 Instance of eu.su.mas.dedaleEtu.mas.agents.dummies.DummyMovingAgent
 	 Initial container: Ithaq_container2
 	 Initial location: null
 	 Entitytype: Wumpus
 	 TreasureType : None; diamondCapa: -1; goldCapa: -1
 	 comReach: 3
 	 detection radius: 1
 	 Expertise: [<LockPicking, 1>, <Strength, 2>]
 	 UserParameters: [paramTest]
18:23:03.918 [Bob] INFO  - Entity Bob deployed in 32
 Characteristics:  type : 
 AgentName: Bob
 	 Instance of eu.su.mas.dedaleEtu.mas.agents.dummies.explo.ExploreCoopAgent
 	 Initial container: Ithaq_container2
 	 Initial location: null
 	 Entitytype: AgentExplo
 	 TreasureType : None; diamondCapa: -1; goldCapa: -1
 	 comReach: 3
 	 detection radius: 0
 	 Expertise: [<LockPicking, 1>, <Strength, 2>]
 	 UserParameters: [Elsa, Tim, Olanna, Josie]
18:33:31.014 [GK] INFO  - Loading configuration for environment MultiTypesV2
18:33:31.019 [GK] INFO  - Generator type:MANUAL
18:33:33.023 [Bob] INFO  - Entity Bob deployed in 48
 Characteristics:  type : 
 AgentName: Bob
 	 Instance of eu.su.mas.dedaleEtu.mas.agents.dummies.explo.ExploreCoopAgent
 	 Initial container: Ithaq_container2
 	 Initial location: null
 	 Entitytype: AgentExplo
 	 TreasureType : None; diamondCapa: -1; goldCapa: -1
 	 comReach: 3
 	 detection radius: 0
 	 Expertise: [<LockPicking, 1>, <Strength, 2>]
 	 UserParameters: [Elsa, Tim, Olanna, Josie]
18:33:33.033 [Olanna] INFO  - Entity Olanna deployed in 104
 Characteristics:  type : 
 AgentName: Olanna
 	 Instance of eu.su.mas.dedaleEtu.mas.agents.dummies.explo.ExploreCoopAgent
 	 Initial container: Ithaq_container2
 	 Initial location: null
 	 Entitytype: AgentExplo
 	 TreasureType : None; diamondCapa: -1; goldCapa: -1
 	 comReach: 3
 	 detection radius: 0
 	 Expertise: [<LockPicking, 1>, <Strength, 2>]
 	 UserParameters: [Elsa, Tim, Bob, Josie]
18:33:33.040 [Tim] INFO  - Entity Tim deployed in 120
 Characteristics:  type : 
 AgentName: Tim
 	 Instance of eu.su.mas.dedaleEtu.mas.agents.dummies.explo.ExploreCoopAgent
 	 Initial container: Ithaq_container2
 	 Initial location: null
 	 Entitytype: AgentExplo
 	 TreasureType : None; diamondCapa: -1; goldCapa: -1
 	 comReach: 3
 	 detection radius: 0
 	 Expertise: [<LockPicking, 1>, <Strength, 2>]
 	 UserParameters: [Elsa, Bob, Olanna, Josie]
18:33:33.046 [Elsa] INFO  - Entity Elsa deployed in 103
 Characteristics:  type : 
 AgentName: Elsa
 	 Instance of eu.su.mas.dedaleEtu.mas.agents.dummies.explo.ExploreCoopAgent
 	 Initial container: Ithaq_container2
 	 Initial location: null
 	 Entitytype: AgentExplo
 	 TreasureType : None; diamondCapa: -1; goldCapa: -1
 	 comReach: 3
 	 detection radius: 0
 	 Expertise: [<LockPicking, 1>, <Strength, 2>]
 	 UserParameters: [Tim, Bob, Olanna, Josie]
18:33:33.050 [Josie] INFO  - Entity Josie deployed in 93
 Characteristics:  type : 
 AgentName: Josie
 	 Instance of eu.su.mas.dedaleEtu.mas.agents.dummies.explo.ExploreCoopAgent
 	 Initial container: Ithaq_container2
 	 Initial location: null
 	 Entitytype: AgentExplo
 	 TreasureType : None; diamondCapa: -1; goldCapa: -1
 	 comReach: 3
 	 detection radius: 0
 	 Expertise: [<LockPicking, 1>, <Strength, 2>]
 	 UserParameters: [Elsa, Tim, Bob, Olanna]
18:33:33.054 [Golem] INFO  - Entity Golem deployed in 51
 Characteristics:  type : 
 AgentName: Golem
 	 Instance of eu.su.mas.dedaleEtu.mas.agents.dummies.DummyMovingAgent
 	 Initial container: Ithaq_container2
 	 Initial location: null
 	 Entitytype: Wumpus
 	 TreasureType : None; diamondCapa: -1; goldCapa: -1
 	 comReach: 3
 	 detection radius: 1
 	 Expertise: [<LockPicking, 1>, <Strength, 2>]
 	 UserParameters: [paramTest]
18:37:22.145 [GK] INFO  - Loading configuration for environment MultiTypesV2
18:37:22.146 [GK] INFO  - Generator type:MANUAL
18:37:24.286 [Olanna] INFO  - Entity Olanna deployed in 87
 Characteristics:  type : 
 AgentName: Olanna
 	 Instance of eu.su.mas.dedaleEtu.mas.agents.dummies.explo.ExploreCoopAgent
 	 Initial container: Ithaq_container2
 	 Initial location: null
 	 Entitytype: AgentExplo
 	 TreasureType : None; diamondCapa: -1; goldCapa: -1
 	 comReach: 3
 	 detection radius: 0
 	 Expertise: [<LockPicking, 1>, <Strength, 2>]
 	 UserParameters: [Elsa, Tim, Bob, Josie]
18:37:24.295 [Josie] INFO  - Entity Josie deployed in 105
 Characteristics:  type : 
 AgentName: Josie
 	 Instance of eu.su.mas.dedaleEtu.mas.agents.dummies.explo.ExploreCoopAgent
 	 Initial container: Ithaq_container2
 	 Initial location: null
 	 Entitytype: AgentExplo
 	 TreasureType : None; diamondCapa: -1; goldCapa: -1
 	 comReach: 3
 	 detection radius: 0
 	 Expertise: [<LockPicking, 1>, <Strength, 2>]
 	 UserParameters: [Elsa, Tim, Bob, Olanna]
18:37:24.303 [Tim] INFO  - Entity Tim deployed in M35
 Characteristics:  type : 
 AgentName: Tim
 	 Instance of eu.su.mas.dedaleEtu.mas.agents.dummies.explo.ExploreCoopAgent
 	 Initial container: Ithaq_container2
 	 Initial location: null
 	 Entitytype: AgentExplo
 	 TreasureType : None; diamondCapa: -1; goldCapa: -1
 	 comReach: 3
 	 detection radius: 0
 	 Expertise: [<LockPicking, 1>, <Strength, 2>]
 	 UserParameters: [Elsa, Bob, Olanna, Josie]
18:37:24.326 [Bob] INFO  - Entity Bob deployed in M1
 Characteristics:  type : 
 AgentName: Bob
 	 Instance of eu.su.mas.dedaleEtu.mas.agents.dummies.explo.ExploreCoopAgent
 	 Initial container: Ithaq_container2
 	 Initial location: null
 	 Entitytype: AgentExplo
 	 TreasureType : None; diamondCapa: -1; goldCapa: -1
 	 comReach: 3
 	 detection radius: 0
 	 Expertise: [<LockPicking, 1>, <Strength, 2>]
 	 UserParameters: [Elsa, Tim, Olanna, Josie]
18:37:24.339 [Golem] INFO  - Entity Golem deployed in 119
 Characteristics:  type : 
 AgentName: Golem
 	 Instance of eu.su.mas.dedaleEtu.mas.agents.dummies.DummyMovingAgent
 	 Initial container: Ithaq_container2
 	 Initial location: null
 	 Entitytype: Wumpus
 	 TreasureType : None; diamondCapa: -1; goldCapa: -1
 	 comReach: 3
 	 detection radius: 1
 	 Expertise: [<LockPicking, 1>, <Strength, 2>]
 	 UserParameters: [paramTest]
18:37:24.378 [Elsa] INFO  - Entity Elsa deployed in 14
 Characteristics:  type : 
 AgentName: Elsa
 	 Instance of eu.su.mas.dedaleEtu.mas.agents.dummies.explo.ExploreCoopAgent
 	 Initial container: Ithaq_container2
 	 Initial location: null
 	 Entitytype: AgentExplo
 	 TreasureType : None; diamondCapa: -1; goldCapa: -1
 	 comReach: 3
 	 detection radius: 0
 	 Expertise: [<LockPicking, 1>, <Strength, 2>]
 	 UserParameters: [Tim, Bob, Olanna, Josie]
18:38:04.351 [Olanna] ERROR - Olanna - moveTo : target [null] is not reachable from current position [107]
18:38:05.384 [Olanna] ERROR - Olanna - moveTo : target [null] is not reachable from current position [107]
18:38:06.395 [Olanna] ERROR - Olanna - moveTo : target [null] is not reachable from current position [107]
18:38:40.116 [Bob] ERROR - Bob - moveTo : target [null] is not reachable from current position [M34]
18:46:32.815 [GK] INFO  - Loading configuration for environment MultiTypesV2
18:46:32.818 [GK] INFO  - Generator type:MANUAL
18:46:34.939 [Golem] INFO  - Entity Golem deployed in 72
 Characteristics:  type : 
 AgentName: Golem
 	 Instance of eu.su.mas.dedaleEtu.mas.agents.dummies.DummyMovingAgent
 	 Initial container: Ithaq_container2
 	 Initial location: null
 	 Entitytype: Wumpus
 	 TreasureType : None; diamondCapa: -1; goldCapa: -1
 	 comReach: 3
 	 detection radius: 1
 	 Expertise: [<LockPicking, 1>, <Strength, 2>]
 	 UserParameters: [paramTest]
18:46:34.965 [Bob] INFO  - Entity Bob deployed in 23
 Characteristics:  type : 
 AgentName: Bob
 	 Instance of eu.su.mas.dedaleEtu.mas.agents.dummies.explo.ExploreCoopAgent
 	 Initial container: Ithaq_container2
 	 Initial location: null
 	 Entitytype: AgentExplo
 	 TreasureType : None; diamondCapa: -1; goldCapa: -1
 	 comReach: 3
 	 detection radius: 0
 	 Expertise: [<LockPicking, 1>, <Strength, 2>]
 	 UserParameters: [Elsa, Tim, Olanna, Josie]
18:46:34.972 [Tim] INFO  - Entity Tim deployed in M23
 Characteristics:  type : 
 AgentName: Tim
 	 Instance of eu.su.mas.dedaleEtu.mas.agents.dummies.explo.ExploreCoopAgent
 	 Initial container: Ithaq_container2
 	 Initial location: null
 	 Entitytype: AgentExplo
 	 TreasureType : None; diamondCapa: -1; goldCapa: -1
 	 comReach: 3
 	 detection radius: 0
 	 Expertise: [<LockPicking, 1>, <Strength, 2>]
 	 UserParameters: [Elsa, Bob, Olanna, Josie]
18:46:34.999 [Olanna] INFO  - Entity Olanna deployed in 126
 Characteristics:  type : 
 AgentName: Olanna
 	 Instance of eu.su.mas.dedaleEtu.mas.agents.dummies.explo.ExploreCoopAgent
 	 Initial container: Ithaq_container2
 	 Initial location: null
 	 Entitytype: AgentExplo
 	 TreasureType : None; diamondCapa: -1; goldCapa: -1
 	 comReach: 3
 	 detection radius: 0
 	 Expertise: [<LockPicking, 1>, <Strength, 2>]
 	 UserParameters: [Elsa, Tim, Bob, Josie]
18:46:35.006 [Elsa] INFO  - Entity Elsa deployed in M24
 Characteristics:  type : 
 AgentName: Elsa
 	 Instance of eu.su.mas.dedaleEtu.mas.agents.dummies.explo.ExploreCoopAgent
 	 Initial container: Ithaq_container2
 	 Initial location: null
 	 Entitytype: AgentExplo
 	 TreasureType : None; diamondCapa: -1; goldCapa: -1
 	 comReach: 3
 	 detection radius: 0
 	 Expertise: [<LockPicking, 1>, <Strength, 2>]
 	 UserParameters: [Tim, Bob, Olanna, Josie]
18:46:35.016 [Josie] INFO  - Entity Josie deployed in 120
 Characteristics:  type : 
 AgentName: Josie
 	 Instance of eu.su.mas.dedaleEtu.mas.agents.dummies.explo.ExploreCoopAgent
 	 Initial container: Ithaq_container2
 	 Initial location: null
 	 Entitytype: AgentExplo
 	 TreasureType : None; diamondCapa: -1; goldCapa: -1
 	 comReach: 3
 	 detection radius: 0
 	 Expertise: [<LockPicking, 1>, <Strength, 2>]
 	 UserParameters: [Elsa, Tim, Bob, Olanna]
18:47:20.521 [Tim] ERROR - Tim - moveTo : target [null] is not reachable from current position [18]
18:47:21.526 [Tim] ERROR - Tim - moveTo : target [null] is not reachable from current position [18]
18:51:08.950 [GK] INFO  - Loading configuration for environment MultiTypesV2
18:51:08.953 [GK] INFO  - Generator type:MANUAL
18:51:11.108 [Elsa] INFO  - Entity Elsa deployed in 95
 Characteristics:  type : 
 AgentName: Elsa
 	 Instance of eu.su.mas.dedaleEtu.mas.agents.dummies.explo.ExploreCoopAgent
 	 Initial container: Ithaq_container2
 	 Initial location: null
 	 Entitytype: AgentExplo
 	 TreasureType : None; diamondCapa: -1; goldCapa: -1
 	 comReach: 3
 	 detection radius: 0
 	 Expertise: [<LockPicking, 1>, <Strength, 2>]
 	 UserParameters: [Tim, Bob, Olanna, Josie]
18:51:11.117 [Golem] INFO  - Entity Golem deployed in 3
 Characteristics:  type : 
 AgentName: Golem
 	 Instance of eu.su.mas.dedaleEtu.mas.agents.dummies.DummyMovingAgent
 	 Initial container: Ithaq_container2
 	 Initial location: null
 	 Entitytype: Wumpus
 	 TreasureType : None; diamondCapa: -1; goldCapa: -1
 	 comReach: 3
 	 detection radius: 1
 	 Expertise: [<LockPicking, 1>, <Strength, 2>]
 	 UserParameters: [paramTest]
18:51:11.191 [Bob] INFO  - Entity Bob deployed in M15
 Characteristics:  type : 
 AgentName: Bob
 	 Instance of eu.su.mas.dedaleEtu.mas.agents.dummies.explo.ExploreCoopAgent
 	 Initial container: Ithaq_container2
 	 Initial location: null
 	 Entitytype: AgentExplo
 	 TreasureType : None; diamondCapa: -1; goldCapa: -1
 	 comReach: 3
 	 detection radius: 0
 	 Expertise: [<LockPicking, 1>, <Strength, 2>]
 	 UserParameters: [Elsa, Tim, Olanna, Josie]
18:51:11.205 [Tim] INFO  - Entity Tim deployed in 82
 Characteristics:  type : 
 AgentName: Tim
 	 Instance of eu.su.mas.dedaleEtu.mas.agents.dummies.explo.ExploreCoopAgent
 	 Initial container: Ithaq_container2
 	 Initial location: null
 	 Entitytype: AgentExplo
 	 TreasureType : None; diamondCapa: -1; goldCapa: -1
 	 comReach: 3
 	 detection radius: 0
 	 Expertise: [<LockPicking, 1>, <Strength, 2>]
 	 UserParameters: [Elsa, Bob, Olanna, Josie]
18:51:11.210 [Josie] INFO  - Entity Josie deployed in 83
 Characteristics:  type : 
 AgentName: Josie
 	 Instance of eu.su.mas.dedaleEtu.mas.agents.dummies.explo.ExploreCoopAgent
 	 Initial container: Ithaq_container2
 	 Initial location: null
 	 Entitytype: AgentExplo
 	 TreasureType : None; diamondCapa: -1; goldCapa: -1
 	 comReach: 3
 	 detection radius: 0
 	 Expertise: [<LockPicking, 1>, <Strength, 2>]
 	 UserParameters: [Elsa, Tim, Bob, Olanna]
18:51:11.217 [Olanna] INFO  - Entity Olanna deployed in 90
 Characteristics:  type : 
 AgentName: Olanna
 	 Instance of eu.su.mas.dedaleEtu.mas.agents.dummies.explo.ExploreCoopAgent
 	 Initial container: Ithaq_container2
 	 Initial location: null
 	 Entitytype: AgentExplo
 	 TreasureType : None; diamondCapa: -1; goldCapa: -1
 	 comReach: 3
 	 detection radius: 0
 	 Expertise: [<LockPicking, 1>, <Strength, 2>]
 	 UserParameters: [Elsa, Tim, Bob, Josie]
18:53:04.144 [Josie] ERROR - Josie - moveTo : target [null] is not reachable from current position [56]
19:12:19.923 [GK] INFO  - Loading configuration for environment MultiTypesV2
19:12:19.926 [GK] INFO  - Generator type:MANUAL
19:12:21.924 [Tim] INFO  - Entity Tim deployed in 96
 Characteristics:  type : 
 AgentName: Tim
 	 Instance of eu.su.mas.dedaleEtu.mas.agents.dummies.explo.ExploreCoopAgent
 	 Initial container: Ithaq_container2
 	 Initial location: null
 	 Entitytype: AgentExplo
 	 TreasureType : None; diamondCapa: -1; goldCapa: -1
 	 comReach: 3
 	 detection radius: 0
 	 Expertise: [<LockPicking, 1>, <Strength, 2>]
 	 UserParameters: [Elsa, Bob, Olanna, Josie]
19:12:21.934 [Olanna] INFO  - Entity Olanna deployed in M8
 Characteristics:  type : 
 AgentName: Olanna
 	 Instance of eu.su.mas.dedaleEtu.mas.agents.dummies.explo.ExploreCoopAgent
 	 Initial container: Ithaq_container2
 	 Initial location: null
 	 Entitytype: AgentExplo
 	 TreasureType : None; diamondCapa: -1; goldCapa: -1
 	 comReach: 3
 	 detection radius: 0
 	 Expertise: [<LockPicking, 1>, <Strength, 2>]
 	 UserParameters: [Elsa, Tim, Bob, Josie]
19:12:21.939 [Elsa] INFO  - Entity Elsa deployed in 46
 Characteristics:  type : 
 AgentName: Elsa
 	 Instance of eu.su.mas.dedaleEtu.mas.agents.dummies.explo.ExploreCoopAgent
 	 Initial container: Ithaq_container2
 	 Initial location: null
 	 Entitytype: AgentExplo
 	 TreasureType : None; diamondCapa: -1; goldCapa: -1
 	 comReach: 3
 	 detection radius: 0
 	 Expertise: [<LockPicking, 1>, <Strength, 2>]
 	 UserParameters: [Tim, Bob, Olanna, Josie]
19:12:21.946 [Bob] INFO  - Entity Bob deployed in 54
 Characteristics:  type : 
 AgentName: Bob
 	 Instance of eu.su.mas.dedaleEtu.mas.agents.dummies.explo.ExploreCoopAgent
 	 Initial container: Ithaq_container2
 	 Initial location: null
 	 Entitytype: AgentExplo
 	 TreasureType : None; diamondCapa: -1; goldCapa: -1
 	 comReach: 3
 	 detection radius: 0
 	 Expertise: [<LockPicking, 1>, <Strength, 2>]
 	 UserParameters: [Elsa, Tim, Olanna, Josie]
19:12:21.951 [Golem] INFO  - Entity Golem deployed in M31
 Characteristics:  type : 
 AgentName: Golem
 	 Instance of eu.su.mas.dedaleEtu.mas.agents.dummies.DummyMovingAgent
 	 Initial container: Ithaq_container2
 	 Initial location: null
 	 Entitytype: Wumpus
 	 TreasureType : None; diamondCapa: -1; goldCapa: -1
 	 comReach: 3
 	 detection radius: 1
 	 Expertise: [<LockPicking, 1>, <Strength, 2>]
 	 UserParameters: [paramTest]
19:12:21.989 [Josie] INFO  - Entity Josie deployed in M19
 Characteristics:  type : 
 AgentName: Josie
 	 Instance of eu.su.mas.dedaleEtu.mas.agents.dummies.explo.ExploreCoopAgent
 	 Initial container: Ithaq_container2
 	 Initial location: null
 	 Entitytype: AgentExplo
 	 TreasureType : None; diamondCapa: -1; goldCapa: -1
 	 comReach: 3
 	 detection radius: 0
 	 Expertise: [<LockPicking, 1>, <Strength, 2>]
 	 UserParameters: [Elsa, Tim, Bob, Olanna]
19:13:52.450 [Josie] ERROR - Josie - moveTo : target [null] is not reachable from current position [M40]
19:13:53.456 [Josie] ERROR - Josie - moveTo : target [null] is not reachable from current position [M40]
19:13:54.462 [Josie] ERROR - Josie - moveTo : target [null] is not reachable from current position [M40]
19:13:56.474 [Josie] ERROR - Josie - moveTo : target [null] is not reachable from current position [M40]
19:44:24.473 [GK] INFO  - Loading configuration for environment MultiTypesV2
19:44:24.474 [GK] INFO  - Generator type:MANUAL
19:44:26.537 [Bob] INFO  - Entity Bob deployed in 109
 Characteristics:  type : 
 AgentName: Bob
 	 Instance of eu.su.mas.dedaleEtu.mas.agents.dummies.explo.ExploreCoopAgent
 	 Initial container: Ithaq_container2
 	 Initial location: null
 	 Entitytype: AgentExplo
 	 TreasureType : None; diamondCapa: -1; goldCapa: -1
 	 comReach: 3
 	 detection radius: 0
 	 Expertise: [<LockPicking, 1>, <Strength, 2>]
 	 UserParameters: [Elsa, Tim, Olanna, Josie]
19:44:26.545 [Tim] INFO  - Entity Tim deployed in 104
 Characteristics:  type : 
 AgentName: Tim
 	 Instance of eu.su.mas.dedaleEtu.mas.agents.dummies.explo.ExploreCoopAgent
 	 Initial container: Ithaq_container2
 	 Initial location: null
 	 Entitytype: AgentExplo
 	 TreasureType : None; diamondCapa: -1; goldCapa: -1
 	 comReach: 3
 	 detection radius: 0
 	 Expertise: [<LockPicking, 1>, <Strength, 2>]
 	 UserParameters: [Elsa, Bob, Olanna, Josie]
19:44:26.550 [Golem] INFO  - Entity Golem deployed in 96
 Characteristics:  type : 
 AgentName: Golem
 	 Instance of eu.su.mas.dedaleEtu.mas.agents.dummies.DummyMovingAgent
 	 Initial container: Ithaq_container2
 	 Initial location: null
 	 Entitytype: Wumpus
 	 TreasureType : None; diamondCapa: -1; goldCapa: -1
 	 comReach: 3
 	 detection radius: 1
 	 Expertise: [<LockPicking, 1>, <Strength, 2>]
 	 UserParameters: [paramTest]
19:44:26.578 [Elsa] INFO  - Entity Elsa deployed in 38
 Characteristics:  type : 
 AgentName: Elsa
 	 Instance of eu.su.mas.dedaleEtu.mas.agents.dummies.explo.ExploreCoopAgent
 	 Initial container: Ithaq_container2
 	 Initial location: null
 	 Entitytype: AgentExplo
 	 TreasureType : None; diamondCapa: -1; goldCapa: -1
 	 comReach: 3
 	 detection radius: 0
 	 Expertise: [<LockPicking, 1>, <Strength, 2>]
 	 UserParameters: [Tim, Bob, Olanna, Josie]
19:44:26.587 [Olanna] INFO  - Entity Olanna deployed in 75
 Characteristics:  type : 
 AgentName: Olanna
 	 Instance of eu.su.mas.dedaleEtu.mas.agents.dummies.explo.ExploreCoopAgent
 	 Initial container: Ithaq_container2
 	 Initial location: null
 	 Entitytype: AgentExplo
 	 TreasureType : None; diamondCapa: -1; goldCapa: -1
 	 comReach: 3
 	 detection radius: 0
 	 Expertise: [<LockPicking, 1>, <Strength, 2>]
 	 UserParameters: [Elsa, Tim, Bob, Josie]
19:44:26.592 [Josie] INFO  - Entity Josie deployed in M2
 Characteristics:  type : 
 AgentName: Josie
 	 Instance of eu.su.mas.dedaleEtu.mas.agents.dummies.explo.ExploreCoopAgent
 	 Initial container: Ithaq_container2
 	 Initial location: null
 	 Entitytype: AgentExplo
 	 TreasureType : None; diamondCapa: -1; goldCapa: -1
 	 comReach: 3
 	 detection radius: 0
 	 Expertise: [<LockPicking, 1>, <Strength, 2>]
 	 UserParameters: [Elsa, Tim, Bob, Olanna]
19:45:45.695 [Tim] ERROR - Tim - moveTo : target [null] is not reachable from current position [M34]
19:45:46.313 [Tim] ERROR - Tim - moveTo : target [null] is not reachable from current position [79]
19:45:47.517 [Tim] ERROR - Tim - moveTo : target [null] is not reachable from current position [79]
19:45:48.119 [Tim] ERROR - Tim - moveTo : target [null] is not reachable from current position [79]
19:45:48.722 [Tim] ERROR - Tim - moveTo : target [null] is not reachable from current position [79]
19:45:48.734 [Tim] ERROR - Tim - moveTo : target [null] is not reachable from current position [79]
23:30:28.520 [GK] INFO  - Loading configuration for environment MultiTypesV2
23:30:28.521 [GK] INFO  - Generator type:MANUAL
23:30:30.593 [Josie] INFO  - Entity Josie deployed in 17
 Characteristics:  type : 
 AgentName: Josie
 	 Instance of eu.su.mas.dedaleEtu.mas.agents.dummies.explo.ExploreCoopAgent
 	 Initial container: Ithaq_container2
 	 Initial location: null
 	 Entitytype: AgentExplo
 	 TreasureType : None; diamondCapa: -1; goldCapa: -1
 	 comReach: 3
 	 detection radius: 0
 	 Expertise: [<LockPicking, 1>, <Strength, 2>]
 	 UserParameters: [Elsa, Tim, Bob, Olanna]
23:30:30.607 [Elsa] INFO  - Entity Elsa deployed in M23
 Characteristics:  type : 
 AgentName: Elsa
 	 Instance of eu.su.mas.dedaleEtu.mas.agents.dummies.explo.ExploreCoopAgent
 	 Initial container: Ithaq_container2
 	 Initial location: null
 	 Entitytype: AgentExplo
 	 TreasureType : None; diamondCapa: -1; goldCapa: -1
 	 comReach: 3
 	 detection radius: 0
 	 Expertise: [<LockPicking, 1>, <Strength, 2>]
 	 UserParameters: [Tim, Bob, Olanna, Josie]
23:30:30.615 [Olanna] INFO  - Entity Olanna deployed in 16
 Characteristics:  type : 
 AgentName: Olanna
 	 Instance of eu.su.mas.dedaleEtu.mas.agents.dummies.explo.ExploreCoopAgent
 	 Initial container: Ithaq_container2
 	 Initial location: null
 	 Entitytype: AgentExplo
 	 TreasureType : None; diamondCapa: -1; goldCapa: -1
 	 comReach: 3
 	 detection radius: 0
 	 Expertise: [<LockPicking, 1>, <Strength, 2>]
 	 UserParameters: [Elsa, Tim, Bob, Josie]
23:30:30.624 [Tim] INFO  - Entity Tim deployed in 127
 Characteristics:  type : 
 AgentName: Tim
 	 Instance of eu.su.mas.dedaleEtu.mas.agents.dummies.explo.ExploreCoopAgent
 	 Initial container: Ithaq_container2
 	 Initial location: null
 	 Entitytype: AgentExplo
 	 TreasureType : None; diamondCapa: -1; goldCapa: -1
 	 comReach: 3
 	 detection radius: 0
 	 Expertise: [<LockPicking, 1>, <Strength, 2>]
 	 UserParameters: [Elsa, Bob, Olanna, Josie]
23:30:30.635 [Bob] INFO  - Entity Bob deployed in 104
 Characteristics:  type : 
 AgentName: Bob
 	 Instance of eu.su.mas.dedaleEtu.mas.agents.dummies.explo.ExploreCoopAgent
 	 Initial container: Ithaq_container2
 	 Initial location: null
 	 Entitytype: AgentExplo
 	 TreasureType : None; diamondCapa: -1; goldCapa: -1
 	 comReach: 3
 	 detection radius: 0
 	 Expertise: [<LockPicking, 1>, <Strength, 2>]
 	 UserParameters: [Elsa, Tim, Olanna, Josie]
23:30:30.650 [Golem] INFO  - Entity Golem deployed in 56
 Characteristics:  type : 
 AgentName: Golem
 	 Instance of eu.su.mas.dedaleEtu.mas.agents.dummies.DummyMovingAgent
 	 Initial container: Ithaq_container2
 	 Initial location: null
 	 Entitytype: Wumpus
 	 TreasureType : None; diamondCapa: -1; goldCapa: -1
 	 comReach: 3
 	 detection radius: 1
 	 Expertise: [<LockPicking, 1>, <Strength, 2>]
 	 UserParameters: [paramTest]
23:31:20.487 [Tim] ERROR - Tim - moveTo : target [null] is not reachable from current position [M40]
